<?xml version="1.0" encoding="UTF-8"?>
<colors>
    <!-- Netflix Primary Colors -->
    <color name="netflix_red">FFE50914</color>
    <color name="netflix_black">FF141414</color>
    <color name="netflix_white">FFFFFFFF</color>

    <!-- Background Colors -->
    <color name="background_main">FF141414</color>
    <color name="background_dark">FF0A0A0A</color>
    <color name="background_card">FF181818</color>
    <color name="background_overlay">CC000000</color>
    <color name="background_gradient">80000000</color>

    <!-- Text Colors -->
    <color name="text_white">FFFFFFFF</color>
    <color name="text_gray">FFB3B3B3</color>
    <color name="text_dark_gray">FF808080</color>
    <color name="text_dim">FF666666</color>

    <!-- Accent Colors -->
    <color name="accent_red">FFE50914</color>
    <color name="accent_red_hover">FFB20710</color>
    <color name="accent_green">FF46D369</color>
    <color name="accent_yellow">FFF5C518</color>

    <!-- Focus/Selection -->
    <color name="focus_border">FFFFFFFF</color>
    <color name="focus_glow">40FFFFFF</color>
    <color name="selected">FFE50914</color>

    <!-- Button Colors -->
    <color name="button_primary">FFFFFFFF</color>
    <color name="button_primary_text">FF000000</color>
    <color name="button_secondary">80808080</color>
    <color name="button_secondary_text">FFFFFFFF</color>

    <!-- Progress Bar -->
    <color name="progress_bg">FF333333</color>
    <color name="progress_fill">FFE50914</color>

    <!-- Ratings -->
    <color name="rating_good">FF46D369</color>
    <color name="rating_average">FFF5C518</color>
    <color name="rating_poor">FFE50914</color>

    <!-- Kodi Default Required Colors -->
    <color name="white">FFFFFFFF</color>
    <color name="black">FF000000</color>
    <color name="gray">FF808080</color>
    <color name="disabled">80FFFFFF</color>
</colors>
