<?xml version="1.0" encoding="UTF-8"?>
<window type="dialog" id="10147">
    <defaultcontrol always="true">5</defaultcontrol>
    <coordinates>
        <system>1</system>
    </coordinates>
    <controls>
        <control type="image">
            <posx>0</posx>
            <posy>0</posy>
            <width>1920</width>
            <height>1080</height>
            <texture colordiffuse="DD000000">black.png</texture>
        </control>
        <control type="group">
            <posx>310</posx>
            <posy>90</posy>
            <width>1300</width>
            <height>900</height>
            <control type="image">
                <posx>0</posx>
                <posy>0</posy>
                <width>1300</width>
                <height>900</height>
                <texture colordiffuse="FF1A1A1A">dialog-bg.png</texture>
            </control>
            <control type="label" id="1">
                <posx>40</posx>
                <posy>30</posy>
                <width>1220</width>
                <height>40</height>
                <font>font_title</font>
                <textcolor>FFFFFFFF</textcolor>
                <label>$INFO[Window.Property(Heading)]</label>
            </control>
            <control type="textbox" id="5">
                <posx>40</posx>
                <posy>90</posy>
                <width>1220</width>
                <height>720</height>
                <font>font13</font>
                <textcolor>FFB3B3B3</textcolor>
            </control>
            <control type="button" id="2">
                <include>ButtonGray</include>
                <posx>550</posx>
                <posy>830</posy>
                <width>200</width>
                <label>Close</label>
                <onclick>Action(Close)</onclick>
            </control>
        </control>
    </controls>
</window>
