<?xml version="1.0" encoding="UTF-8"?>
<window type="dialog" id="10106">
    <defaultcontrol always="true">996</defaultcontrol>
    <coordinates>
        <system>1</system>
    </coordinates>
    <controls>
        <control type="image">
            <posx>0</posx>
            <posy>0</posy>
            <width>1920</width>
            <height>1080</height>
            <texture colordiffuse="80000000">black.png</texture>
        </control>
        <control type="group">
            <posx>660</posx>
            <posy>240</posy>
            <width>600</width>
            <height>600</height>
            <control type="image">
                <posx>0</posx>
                <posy>0</posy>
                <width>600</width>
                <height>600</height>
                <texture colordiffuse="FF1A1A1A">dialog-bg.png</texture>
            </control>
            <control type="list" id="996">
                <posx>20</posx>
                <posy>20</posy>
                <width>560</width>
                <height>560</height>
                <onup>996</onup>
                <ondown>996</ondown>
                <scrolltime>200</scrolltime>
                <itemlayout width="560" height="55">
                    <control type="label">
                        <posx>20</posx>
                        <posy>12</posy>
                        <width>520</width>
                        <height>30</height>
                        <font>font14</font>
                        <textcolor>FFB3B3B3</textcolor>
                        <label>$INFO[ListItem.Label]</label>
                    </control>
                </itemlayout>
                <focusedlayout width="560" height="55">
                    <control type="image">
                        <posx>0</posx>
                        <posy>2</posy>
                        <width>560</width>
                        <height>50</height>
                        <texture colordiffuse="FFE50914">white.png</texture>
                    </control>
                    <control type="label">
                        <posx>20</posx>
                        <posy>12</posy>
                        <width>520</width>
                        <height>30</height>
                        <font>font14_bold</font>
                        <textcolor>FFFFFFFF</textcolor>
                        <label>$INFO[ListItem.Label]</label>
                    </control>
                </focusedlayout>
            </control>
        </control>
    </controls>
</window>
