<?xml version="1.0" encoding="UTF-8"?>
<window type="dialog">
    <defaultcontrol>3</defaultcontrol>
    <coordinates>
        <system>1</system>
    </coordinates>
    <controls>
        <!-- Dim Background -->
        <control type="image">
            <posx>0</posx>
            <posy>0</posy>
            <width>1920</width>
            <height>1080</height>
            <texture colordiffuse="DD000000">white.png</texture>
        </control>

        <!-- Dialog Box -->
        <control type="group">
            <posx>310</posx>
            <posy>140</posy>
            <width>1300</width>
            <height>800</height>

            <!-- Background -->
            <control type="image">
                <posx>0</posx>
                <posy>0</posy>
                <width>1300</width>
                <height>800</height>
                <texture colordiffuse="FF1a1a1a">white.png</texture>
            </control>

            <!-- Red Border Top -->
            <control type="image">
                <posx>0</posx>
                <posy>0</posy>
                <width>1300</width>
                <height>4</height>
                <texture colordiffuse="FFE50914">white.png</texture>
            </control>

            <!-- Header -->
            <control type="label" id="1">
                <posx>40</posx>
                <posy>25</posy>
                <width>1220</width>
                <height>45</height>
                <font>font_title</font>
                <textcolor>FFFFFFFF</textcolor>
                <label>$INFO[Window.Property(Heading)]</label>
            </control>

            <!-- Categories (Left Side) -->
            <control type="grouplist" id="3">
                <posx>30</posx>
                <posy>90</posy>
                <width>350</width>
                <height>600</height>
                <orientation>vertical</orientation>
                <itemgap>5</itemgap>
                <onright>5</onright>
                <ondown>3</ondown>
                <onup>3</onup>
            </control>

            <!-- Settings List (Right Side) -->
            <control type="grouplist" id="5">
                <posx>400</posx>
                <posy>90</posy>
                <width>870</width>
                <height>600</height>
                <orientation>vertical</orientation>
                <itemgap>5</itemgap>
                <pagecontrol>60</pagecontrol>
                <onleft>3</onleft>
                <ondown>5</ondown>
                <onup>5</onup>
            </control>

            <!-- Scrollbar -->
            <control type="scrollbar" id="60">
                <posx>1275</posx>
                <posy>90</posy>
                <width>10</width>
                <height>600</height>
                <orientation>vertical</orientation>
                <onleft>5</onleft>
                <texturesliderbackground colordiffuse="40FFFFFF">white.png</texturesliderbackground>
                <texturesliderbar colordiffuse="FFE50914">white.png</texturesliderbar>
            </control>

            <!-- OK Button -->
            <control type="button" id="28">
                <posx>850</posx>
                <posy>720</posy>
                <width>200</width>
                <height>55</height>
                <font>font14</font>
                <align>center</align>
                <textcolor>FFFFFFFF</textcolor>
                <focusedcolor>FF000000</focusedcolor>
                <label>$LOCALIZE[186]</label>
                <texturefocus colordiffuse="FFE50914">white.png</texturefocus>
                <texturenofocus colordiffuse="40FFFFFF">white.png</texturenofocus>
                <onup>5</onup>
                <onright>29</onright>
            </control>

            <!-- Cancel Button -->
            <control type="button" id="29">
                <posx>1070</posx>
                <posy>720</posy>
                <width>200</width>
                <height>55</height>
                <font>font14</font>
                <align>center</align>
                <textcolor>FFFFFFFF</textcolor>
                <focusedcolor>FF000000</focusedcolor>
                <label>$LOCALIZE[222]</label>
                <texturefocus colordiffuse="60FFFFFF">white.png</texturefocus>
                <texturenofocus colordiffuse="40FFFFFF">white.png</texturenofocus>
                <onup>5</onup>
                <onleft>28</onleft>
            </control>
        </control>

        <!-- Default Button -->
        <control type="button" id="7">
            <width>850</width>
            <height>50</height>
            <font>font13</font>
            <textcolor>FFFFFFFF</textcolor>
            <focusedcolor>FFFFFFFF</focusedcolor>
            <align>left</align>
            <textoffsetx>15</textoffsetx>
            <texturefocus colordiffuse="FFE50914">white.png</texturefocus>
            <texturenofocus colordiffuse="20FFFFFF">white.png</texturenofocus>
        </control>

        <!-- Default RadioButton -->
        <control type="radiobutton" id="8">
            <width>850</width>
            <height>50</height>
            <font>font13</font>
            <textcolor>FFFFFFFF</textcolor>
            <focusedcolor>FFFFFFFF</focusedcolor>
            <align>left</align>
            <textoffsetx>15</textoffsetx>
            <texturefocus colordiffuse="FFE50914">white.png</texturefocus>
            <texturenofocus colordiffuse="20FFFFFF">white.png</texturenofocus>
            <radiowidth>30</radiowidth>
            <radioheight>30</radioheight>
            <radioposx>800</radioposx>
        </control>

        <!-- Default SpinControlEx -->
        <control type="spincontrolex" id="9">
            <width>850</width>
            <height>50</height>
            <font>font13</font>
            <textcolor>FFFFFFFF</textcolor>
            <focusedcolor>FFFFFFFF</focusedcolor>
            <align>left</align>
            <aligny>center</aligny>
            <textoffsetx>15</textoffsetx>
            <texturefocus colordiffuse="FFE50914">white.png</texturefocus>
            <texturenofocus colordiffuse="20FFFFFF">white.png</texturenofocus>
        </control>

        <!-- Default SliderEx -->
        <control type="sliderex" id="13">
            <width>850</width>
            <height>50</height>
            <font>font13</font>
            <textcolor>FFFFFFFF</textcolor>
            <focusedcolor>FFFFFFFF</focusedcolor>
            <align>left</align>
            <aligny>center</aligny>
            <textoffsetx>15</textoffsetx>
            <texturefocus colordiffuse="FFE50914">white.png</texturefocus>
            <texturenofocus colordiffuse="20FFFFFF">white.png</texturenofocus>
            <sliderwidth>300</sliderwidth>
            <sliderheight>15</sliderheight>
            <texturesliderbackground colordiffuse="40FFFFFF">white.png</texturesliderbackground>
            <texturesliderbar colordiffuse="FFE50914">white.png</texturesliderbar>
            <texturesliderbarfocus colordiffuse="FFE50914">white.png</texturesliderbarfocus>
            <textureslidernib>-</textureslidernib>
            <textureslidernibfocus>-</textureslidernibfocus>
        </control>

        <!-- Category Button -->
        <control type="button" id="15">
            <width>330</width>
            <height>50</height>
            <font>font13</font>
            <textcolor>FFFFFFFF</textcolor>
            <focusedcolor>FFFFFFFF</focusedcolor>
            <align>left</align>
            <textoffsetx>15</textoffsetx>
            <texturefocus colordiffuse="FFE50914">white.png</texturefocus>
            <texturenofocus colordiffuse="20FFFFFF">white.png</texturenofocus>
        </control>

        <!-- Separator -->
        <control type="image" id="11">
            <width>850</width>
            <height>2</height>
            <texture colordiffuse="40FFFFFF">white.png</texture>
        </control>

        <!-- Label -->
        <control type="label" id="14">
            <width>850</width>
            <height>35</height>
            <font>font12</font>
            <textcolor>80FFFFFF</textcolor>
            <align>left</align>
            <textoffsetx>15</textoffsetx>
        </control>

        <!-- Edit Control -->
        <control type="edit" id="12">
            <width>850</width>
            <height>50</height>
            <font>font13</font>
            <textcolor>FFFFFFFF</textcolor>
            <focusedcolor>FFFFFFFF</focusedcolor>
            <align>left</align>
            <textoffsetx>15</textoffsetx>
            <texturefocus colordiffuse="FFE50914">white.png</texturefocus>
            <texturenofocus colordiffuse="20FFFFFF">white.png</texturenofocus>
        </control>
    </controls>
</window>
