<?xml version="1.0" encoding="UTF-8"?>
<window type="dialog" id="10146">
    <defaultcontrol always="true">6</defaultcontrol>
    <coordinates>
        <system>1</system>
    </coordinates>
    <controls>
        <control type="image">
            <posx>0</posx>
            <posy>0</posy>
            <width>1920</width>
            <height>1080</height>
            <texture colordiffuse="DD000000">black.png</texture>
        </control>
        <control type="group">
            <posx>360</posx>
            <posy>140</posy>
            <width>1200</width>
            <height>800</height>
            <control type="image">
                <posx>0</posx>
                <posy>0</posy>
                <width>1200</width>
                <height>800</height>
                <texture colordiffuse="background_card">dialog-bg.png</texture>
            </control>
            <control type="image">
                <posx>40</posx>
                <posy>40</posy>
                <width>200</width>
                <height>200</height>
                <texture>$INFO[ListItem.Icon]</texture>
                <aspectratio>keep</aspectratio>
            </control>
            <control type="label">
                <posx>270</posx>
                <posy>40</posy>
                <width>890</width>
                <height>50</height>
                <font>font_title</font>
                <textcolor>text_white</textcolor>
                <label>$INFO[ListItem.Label]</label>
            </control>
            <control type="label">
                <posx>270</posx>
                <posy>100</posy>
                <width>890</width>
                <height>30</height>
                <font>font14</font>
                <textcolor>text_gray</textcolor>
                <label>$INFO[ListItem.Property(Addon.Creator)]</label>
            </control>
            <control type="label">
                <posx>270</posx>
                <posy>140</posy>
                <width>890</width>
                <height>30</height>
                <font>font13</font>
                <textcolor>text_dim</textcolor>
                <label>Version: $INFO[ListItem.Property(Addon.Version)]</label>
            </control>
            <control type="textbox" id="4">
                <posx>40</posx>
                <posy>270</posy>
                <width>1120</width>
                <height>400</height>
                <font>font13</font>
                <textcolor>text_gray</textcolor>
                <label>$INFO[ListItem.Property(Addon.Description)]</label>
            </control>
            <control type="grouplist" id="9">
                <posx>40</posx>
                <posy>700</posy>
                <width>1120</width>
                <height>60</height>
                <orientation>horizontal</orientation>
                <itemgap>20</itemgap>
                <control type="button" id="6">
                    <width>180</width>
                    <height>50</height>
                    <font>font_button</font>
                    <label>$LOCALIZE[24069]</label>
                    <texturefocus colordiffuse="button_primary">button-rounded.png</texturefocus>
                    <texturenofocus colordiffuse="button_primary">button-rounded.png</texturenofocus>
                    <textcolor>button_primary_text</textcolor>
                    <focusedcolor>button_primary_text</focusedcolor>
                </control>
                <control type="button" id="8">
                    <width>180</width>
                    <height>50</height>
                    <font>font_button</font>
                    <label>$LOCALIZE[24070]</label>
                    <texturefocus colordiffuse="accent_red">button-rounded.png</texturefocus>
                    <texturenofocus colordiffuse="accent_red">button-rounded.png</texturenofocus>
                </control>
                <control type="button" id="7">
                    <width>180</width>
                    <height>50</height>
                    <font>font_button</font>
                    <label>Close</label>
                    <onclick>Action(Close)</onclick>
                    <texturefocus colordiffuse="60808080">button-rounded.png</texturefocus>
                    <texturenofocus colordiffuse="40808080">button-rounded.png</texturenofocus>
                </control>
            </control>
        </control>
    </controls>
</window>
