<?xml version="1.0" encoding="UTF-8"?>
<window type="dialog" id="10101">
    <defaultcontrol always="true">10</defaultcontrol>
    <coordinates>
        <system>1</system>
    </coordinates>
    <controls>
        <control type="image">
            <posx>0</posx>
            <posy>0</posy>
            <width>1920</width>
            <height>1080</height>
            <texture colordiffuse="DD000000">black.png</texture>
        </control>
        <control type="group">
            <posx>560</posx>
            <posy>390</posy>
            <width>800</width>
            <height>300</height>
            <control type="image">
                <posx>0</posx>
                <posy>0</posy>
                <width>800</width>
                <height>300</height>
                <texture colordiffuse="background_card">dialog-bg.png</texture>
            </control>
            <control type="label" id="1">
                <posx>40</posx>
                <posy>30</posy>
                <width>720</width>
                <height>40</height>
                <font>font_title</font>
                <textcolor>text_white</textcolor>
                <align>center</align>
                <label>$INFO[Window.Property(Heading)]</label>
            </control>
            <control type="label" id="2">
                <posx>40</posx>
                <posy>90</posy>
                <width>720</width>
                <height>30</height>
                <font>font14</font>
                <textcolor>text_gray</textcolor>
                <align>center</align>
                <label>$INFO[Window.Property(Line1)]</label>
            </control>
            <control type="progress" id="20">
                <posx>40</posx>
                <posy>150</posy>
                <width>720</width>
                <height>20</height>
            </control>
            <control type="button" id="10">
                <posx>300</posx>
                <posy>200</posy>
                <width>200</width>
                <height>50</height>
                <font>font_button</font>
                <label>Cancel</label>
                <onclick>Action(Close)</onclick>
                <texturefocus colordiffuse="60808080">button-rounded.png</texturefocus>
                <texturenofocus colordiffuse="40808080">button-rounded.png</texturenofocus>
            </control>
        </control>
    </controls>
</window>
