<?xml version="1.0" encoding="UTF-8"?>
<window type="dialog" id="10100">
    <defaultcontrol always="true">11</defaultcontrol>
    <coordinates>
        <system>1</system>
    </coordinates>
    <controls>
        <!-- Dimmed Background -->
        <control type="image">
            <posx>0</posx>
            <posy>0</posy>
            <width>1920</width>
            <height>1080</height>
            <texture colordiffuse="DD000000">white.png</texture>
        </control>

        <!-- Dialog Box -->
        <control type="group">
            <posx>610</posx>
            <posy>390</posy>
            <width>700</width>
            <height>300</height>

            <!-- Background -->
            <control type="image">
                <posx>0</posx>
                <posy>0</posy>
                <width>700</width>
                <height>300</height>
                <texture colordiffuse="FF1a1a1a">white.png</texture>
            </control>

            <!-- Red Border Top -->
            <control type="image">
                <posx>0</posx>
                <posy>0</posy>
                <width>700</width>
                <height>4</height>
                <texture colordiffuse="FFE50914">white.png</texture>
            </control>

            <!-- Heading -->
            <control type="label" id="1">
                <posx>50</posx>
                <posy>30</posy>
                <width>600</width>
                <height>40</height>
                <font>font_title</font>
                <textcolor>FFFFFFFF</textcolor>
                <align>center</align>
                <label>$INFO[Window.Property(Heading)]</label>
            </control>

            <!-- Message Lines -->
            <control type="label" id="2">
                <posx>50</posx>
                <posy>90</posy>
                <width>600</width>
                <height>30</height>
                <font>font14</font>
                <textcolor>CCFFFFFF</textcolor>
                <align>center</align>
                <label>$INFO[Window.Property(Line1)]</label>
            </control>
            <control type="label" id="3">
                <posx>50</posx>
                <posy>120</posy>
                <width>600</width>
                <height>30</height>
                <font>font14</font>
                <textcolor>CCFFFFFF</textcolor>
                <align>center</align>
                <label>$INFO[Window.Property(Line2)]</label>
            </control>

            <!-- Cancel Button -->
            <control type="button" id="10">
                <include>ButtonSecondary</include>
                <posx>150</posx>
                <posy>200</posy>
                <label>$LOCALIZE[222]</label>
                <onright>11</onright>
            </control>

            <!-- OK Button -->
            <control type="button" id="11">
                <include>ButtonPrimary</include>
                <posx>380</posx>
                <posy>200</posy>
                <label>$LOCALIZE[186]</label>
                <onleft>10</onleft>
            </control>
        </control>
    </controls>
</window>
