<?xml version="1.0" encoding="UTF-8"?>
<window type="dialog" id="12000">
    <defaultcontrol always="true">3</defaultcontrol>
    <coordinates>
        <system>1</system>
    </coordinates>
    <controls>
        <!-- Dim Background -->
        <control type="image">
            <posx>0</posx>
            <posy>0</posy>
            <width>1920</width>
            <height>1080</height>
            <texture colordiffuse="DD000000">white.png</texture>
        </control>

        <!-- Dialog Box -->
        <control type="group">
            <posx>510</posx>
            <posy>190</posy>
            <width>900</width>
            <height>700</height>

            <!-- Background -->
            <control type="image">
                <posx>0</posx>
                <posy>0</posy>
                <width>900</width>
                <height>700</height>
                <texture colordiffuse="FF1a1a1a">white.png</texture>
            </control>

            <!-- Red Border Top -->
            <control type="image">
                <posx>0</posx>
                <posy>0</posy>
                <width>900</width>
                <height>4</height>
                <texture colordiffuse="FFE50914">white.png</texture>
            </control>

            <!-- Header -->
            <control type="label" id="1">
                <posx>40</posx>
                <posy>25</posy>
                <width>820</width>
                <height>45</height>
                <font>font_title</font>
                <textcolor>FFFFFFFF</textcolor>
                <label>$INFO[Window.Property(Heading)]</label>
            </control>

            <!-- Simple Selection List (ID 3) - Used for content type selection -->
            <control type="list" id="3">
                <posx>40</posx>
                <posy>90</posy>
                <width>820</width>
                <height>510</height>
                <onup>3</onup>
                <ondown>3</ondown>
                <onright>7</onright>
                <pagecontrol>60</pagecontrol>
                <scrolltime>200</scrolltime>
                <itemlayout width="820" height="55">
                    <control type="image">
                        <posx>0</posx>
                        <posy>0</posy>
                        <width>800</width>
                        <height>50</height>
                        <texture colordiffuse="20FFFFFF">white.png</texture>
                    </control>
                    <control type="label">
                        <posx>20</posx>
                        <posy>0</posy>
                        <width>760</width>
                        <height>50</height>
                        <font>font14</font>
                        <aligny>center</aligny>
                        <textcolor>FFFFFFFF</textcolor>
                        <label>$INFO[ListItem.Label]</label>
                    </control>
                </itemlayout>
                <focusedlayout width="820" height="55">
                    <control type="image">
                        <posx>0</posx>
                        <posy>0</posy>
                        <width>800</width>
                        <height>50</height>
                        <texture colordiffuse="FFE50914">white.png</texture>
                    </control>
                    <control type="label">
                        <posx>20</posx>
                        <posy>0</posy>
                        <width>760</width>
                        <height>50</height>
                        <font>font14</font>
                        <aligny>center</aligny>
                        <textcolor>FFFFFFFF</textcolor>
                        <label>$INFO[ListItem.Label]</label>
                    </control>
                </focusedlayout>
            </control>

            <!-- Detail Selection List (ID 6) - Used for selections with thumbnails -->
            <control type="list" id="6">
                <posx>40</posx>
                <posy>90</posy>
                <width>820</width>
                <height>510</height>
                <onup>6</onup>
                <ondown>6</ondown>
                <onright>7</onright>
                <pagecontrol>60</pagecontrol>
                <scrolltime>200</scrolltime>
                <itemlayout width="820" height="70">
                    <control type="image">
                        <posx>0</posx>
                        <posy>0</posy>
                        <width>800</width>
                        <height>65</height>
                        <texture colordiffuse="20FFFFFF">white.png</texture>
                    </control>
                    <control type="image">
                        <posx>10</posx>
                        <posy>7</posy>
                        <width>50</width>
                        <height>50</height>
                        <texture>$INFO[ListItem.Icon]</texture>
                        <aspectratio>keep</aspectratio>
                    </control>
                    <control type="label">
                        <posx>70</posx>
                        <posy>5</posy>
                        <width>720</width>
                        <height>30</height>
                        <font>font13</font>
                        <aligny>center</aligny>
                        <textcolor>FFFFFFFF</textcolor>
                        <label>$INFO[ListItem.Label]</label>
                    </control>
                    <control type="label">
                        <posx>70</posx>
                        <posy>35</posy>
                        <width>720</width>
                        <height>25</height>
                        <font>font12</font>
                        <aligny>center</aligny>
                        <textcolor>80FFFFFF</textcolor>
                        <label>$INFO[ListItem.Label2]</label>
                    </control>
                </itemlayout>
                <focusedlayout width="820" height="70">
                    <control type="image">
                        <posx>0</posx>
                        <posy>0</posy>
                        <width>800</width>
                        <height>65</height>
                        <texture colordiffuse="FFE50914">white.png</texture>
                    </control>
                    <control type="image">
                        <posx>10</posx>
                        <posy>7</posy>
                        <width>50</width>
                        <height>50</height>
                        <texture>$INFO[ListItem.Icon]</texture>
                        <aspectratio>keep</aspectratio>
                    </control>
                    <control type="label">
                        <posx>70</posx>
                        <posy>5</posy>
                        <width>720</width>
                        <height>30</height>
                        <font>font13</font>
                        <aligny>center</aligny>
                        <textcolor>FFFFFFFF</textcolor>
                        <label>$INFO[ListItem.Label]</label>
                    </control>
                    <control type="label">
                        <posx>70</posx>
                        <posy>35</posy>
                        <width>720</width>
                        <height>25</height>
                        <font>font12</font>
                        <aligny>center</aligny>
                        <textcolor>FFFFFFFF</textcolor>
                        <label>$INFO[ListItem.Label2]</label>
                    </control>
                </focusedlayout>
            </control>

            <!-- Scrollbar -->
            <control type="scrollbar" id="60">
                <posx>870</posx>
                <posy>90</posy>
                <width>10</width>
                <height>510</height>
                <orientation>vertical</orientation>
                <onleft>3</onleft>
                <texturesliderbackground colordiffuse="40FFFFFF">white.png</texturesliderbackground>
                <texturesliderbar colordiffuse="FFE50914">white.png</texturesliderbar>
            </control>

            <!-- Close Button -->
            <control type="button" id="7">
                <include>ButtonClose</include>
                <posx>350</posx>
                <posy>620</posy>
                <label>$LOCALIZE[222]</label>
                <onclick>Action(Close)</onclick>
                <onup>3</onup>
                <onleft>3</onleft>
            </control>
        </control>
    </controls>
</window>
