<?xml version="1.0" encoding="UTF-8"?>
<window type="dialog" id="10107">
    <defaultcontrol always="true">-</defaultcontrol>
    <coordinates>
        <system>1</system>
        <posx>1520</posx>
        <posy>50</posy>
    </coordinates>
    <animation effect="slide" start="400,0" end="0,0" time="300">WindowOpen</animation>
    <animation effect="slide" start="0,0" end="400,0" time="300">WindowClose</animation>
    <controls>
        <control type="group">
            <posx>0</posx>
            <posy>0</posy>
            <width>380</width>
            <height>100</height>
            <control type="image">
                <posx>0</posx>
                <posy>0</posy>
                <width>380</width>
                <height>100</height>
                <texture colordiffuse="EE181818">dialog-bg.png</texture>
            </control>
            <control type="image" id="1">
                <posx>15</posx>
                <posy>18</posy>
                <width>64</width>
                <height>64</height>
                <texture>$INFO[Window.Property(Icon)]</texture>
                <aspectratio>keep</aspectratio>
            </control>
            <control type="label" id="2">
                <posx>90</posx>
                <posy>20</posy>
                <width>280</width>
                <height>30</height>
                <font>font14_bold</font>
                <textcolor>FFFFFFFF</textcolor>
                <label>$INFO[Window.Property(Header)]</label>
            </control>
            <control type="label" id="3">
                <posx>90</posx>
                <posy>50</posy>
                <width>280</width>
                <height>30</height>
                <font>font13</font>
                <textcolor>FFB3B3B3</textcolor>
                <label>$INFO[Window.Property(Message)]</label>
            </control>
        </control>
    </controls>
</window>
