<?xml version="1.0" encoding="UTF-8"?>
<includes>
    <!-- Include Variables -->
    <include file="Variables.xml"/>

    <!-- ==================== BUTTON STYLE VARIANTS ==================== -->
    <!-- Use these includes to create colored buttons while keeping DRY -->
    <!-- Each variant is a complete button control with all required properties -->

    <!-- Red Button (Install, Delete, etc.) - white text on red bg -->
    <include name="ButtonRed">
        <width>180</width>
        <height>50</height>
        <font>font13</font>
        <align>center</align>
        <aligny>center</aligny>
        <texturefocus colordiffuse="FFFFFFFF">white.png</texturefocus>
        <texturenofocus colordiffuse="FFE50914">white.png</texturenofocus>
        <textcolor>FFFFFFFF</textcolor>
        <focusedcolor>FF141414</focusedcolor>
    </include>

    <!-- Green Button (Update, Success, etc.) - white text on green bg -->
    <include name="ButtonGreen">
        <width>180</width>
        <height>50</height>
        <font>font13</font>
        <align>center</align>
        <aligny>center</aligny>
        <texturefocus colordiffuse="FFFFFFFF">white.png</texturefocus>
        <texturenofocus colordiffuse="FF46D369">white.png</texturenofocus>
        <textcolor>FFFFFFFF</textcolor>
        <focusedcolor>FF141414</focusedcolor>
    </include>

    <!-- Gray Button (Close, Cancel, etc.) - white text on gray bg -->
    <include name="ButtonGray">
        <width>180</width>
        <height>50</height>
        <font>font13</font>
        <align>center</align>
        <aligny>center</aligny>
        <texturefocus colordiffuse="FFFFFFFF">white.png</texturefocus>
        <texturenofocus colordiffuse="FF505050">white.png</texturenofocus>
        <textcolor>FFFFFFFF</textcolor>
        <focusedcolor>FF141414</focusedcolor>
    </include>

    <!-- White Button (Primary action) - dark text on white bg -->
    <include name="ButtonWhite">
        <width>180</width>
        <height>50</height>
        <font>font13</font>
        <align>center</align>
        <aligny>center</aligny>
        <texturefocus colordiffuse="FFFFFFFF">white.png</texturefocus>
        <texturenofocus colordiffuse="FFFFFFFF">white.png</texturenofocus>
        <textcolor>FF141414</textcolor>
        <focusedcolor>FF141414</focusedcolor>
    </include>

    <!-- Default Button - white text on gray bg -->
    <include name="ButtonDefault">
        <width>180</width>
        <height>50</height>
        <font>font13</font>
        <align>center</align>
        <aligny>center</aligny>
        <texturefocus colordiffuse="FFFFFFFF">white.png</texturefocus>
        <texturenofocus colordiffuse="FF404040">white.png</texturenofocus>
        <textcolor>FFFFFFFF</textcolor>
        <focusedcolor>FF141414</focusedcolor>
    </include>

    <!-- Primary Action Button (for OK/Confirm dialogs) - red when focused, transparent unfocused -->
    <include name="ButtonPrimary">
        <width>170</width>
        <height>55</height>
        <font>font14</font>
        <align>center</align>
        <aligny>center</aligny>
        <texturefocus colordiffuse="FFE50914">white.png</texturefocus>
        <texturenofocus colordiffuse="40FFFFFF">white.png</texturenofocus>
        <textcolor>FFFFFFFF</textcolor>
        <focusedcolor>FFFFFFFF</focusedcolor>
    </include>

    <!-- Secondary Button (for Cancel dialogs) - transparent focus/unfocused -->
    <include name="ButtonSecondary">
        <width>170</width>
        <height>55</height>
        <font>font14</font>
        <align>center</align>
        <aligny>center</aligny>
        <texturefocus colordiffuse="60FFFFFF">white.png</texturefocus>
        <texturenofocus colordiffuse="40FFFFFF">white.png</texturenofocus>
        <textcolor>FFFFFFFF</textcolor>
        <focusedcolor>FFFFFFFF</focusedcolor>
    </include>

    <!-- Transparent Navigation Button (for menu items without background) -->
    <include name="ButtonNav">
        <width>100</width>
        <height>40</height>
        <font>font14</font>
        <align>center</align>
        <aligny>center</aligny>
        <texturefocus>-</texturefocus>
        <texturenofocus>-</texturenofocus>
        <textcolor>FFB3B3B3</textcolor>
        <focusedcolor>FFFFFFFF</focusedcolor>
    </include>

    <!-- Numpad Button (for number pad dialogs) - red focus, transparent unfocused -->
    <include name="ButtonNumpad">
        <width>180</width>
        <height>70</height>
        <font>font16_bold</font>
        <align>center</align>
        <aligny>center</aligny>
        <texturefocus colordiffuse="FFE50914">white.png</texturefocus>
        <texturenofocus colordiffuse="40FFFFFF">white.png</texturenofocus>
        <textcolor>FFFFFFFF</textcolor>
        <focusedcolor>FFFFFFFF</focusedcolor>
    </include>

    <!-- Numpad Cancel Button - gray transparent -->
    <include name="ButtonNumpadCancel">
        <width>180</width>
        <height>70</height>
        <font>font14</font>
        <align>center</align>
        <aligny>center</aligny>
        <texturefocus colordiffuse="60808080">white.png</texturefocus>
        <texturenofocus colordiffuse="40808080">white.png</texturenofocus>
        <textcolor>FFFFFFFF</textcolor>
        <focusedcolor>FFFFFFFF</focusedcolor>
    </include>

    <!-- Numpad OK Button - red focus, white unfocused, dark text -->
    <include name="ButtonNumpadOK">
        <width>180</width>
        <height>70</height>
        <font>font14</font>
        <align>center</align>
        <aligny>center</aligny>
        <texturefocus colordiffuse="FFE50914">white.png</texturefocus>
        <texturenofocus colordiffuse="FFFFFFFF">white.png</texturenofocus>
        <textcolor>FF000000</textcolor>
        <focusedcolor>FFFFFFFF</focusedcolor>
    </include>

    <!-- Close Button (white focus, transparent unfocused) -->
    <include name="ButtonClose">
        <width>200</width>
        <height>55</height>
        <font>font14</font>
        <align>center</align>
        <aligny>center</aligny>
        <texturefocus colordiffuse="FFFFFFFF">white.png</texturefocus>
        <texturenofocus colordiffuse="40FFFFFF">white.png</texturenofocus>
        <textcolor>FFFFFFFF</textcolor>
        <focusedcolor>FF000000</focusedcolor>
    </include>

    <!-- Keyboard Key Button - red focus, transparent unfocused -->
    <include name="ButtonKey">
        <width>110</width>
        <height>55</height>
        <font>font14</font>
        <align>center</align>
        <aligny>center</aligny>
        <texturefocus colordiffuse="FFE50914">white.png</texturefocus>
        <texturenofocus colordiffuse="40FFFFFF">white.png</texturenofocus>
        <textcolor>FFFFFFFF</textcolor>
        <focusedcolor>FFFFFFFF</focusedcolor>
    </include>

    <!-- Keyboard Action Button - gray transparent -->
    <include name="ButtonKeyAction">
        <width>150</width>
        <height>55</height>
        <font>font13</font>
        <align>center</align>
        <aligny>center</aligny>
        <texturefocus colordiffuse="FFE50914">white.png</texturefocus>
        <texturenofocus colordiffuse="40808080">white.png</texturenofocus>
        <textcolor>FFFFFFFF</textcolor>
        <focusedcolor>FFFFFFFF</focusedcolor>
    </include>

    <!-- Done/OK Button (white unfocused, dark text) -->
    <include name="ButtonDone">
        <width>200</width>
        <height>55</height>
        <font>font14</font>
        <align>center</align>
        <aligny>center</aligny>
        <texturefocus colordiffuse="FFE50914">white.png</texturefocus>
        <texturenofocus colordiffuse="FFFFFFFF">white.png</texturenofocus>
        <textcolor>FF000000</textcolor>
        <focusedcolor>FFFFFFFF</focusedcolor>
    </include>

    <!-- Settings List Button - red focus, semi-transparent unfocused -->
    <include name="ButtonSettingsItem">
        <font>font13</font>
        <align>left</align>
        <aligny>center</aligny>
        <textoffsetx>15</textoffsetx>
        <texturefocus colordiffuse="FFE50914">white.png</texturefocus>
        <texturenofocus colordiffuse="20FFFFFF">white.png</texturenofocus>
        <textcolor>FFFFFFFF</textcolor>
        <focusedcolor>FFFFFFFF</focusedcolor>
    </include>

    <!-- Side/Browse Button - white focus, transparent unfocused -->
    <include name="ButtonSide">
        <width>240</width>
        <height>50</height>
        <font>font13</font>
        <align>center</align>
        <aligny>center</aligny>
        <texturefocus colordiffuse="FFFFFFFF">white.png</texturefocus>
        <texturenofocus colordiffuse="40FFFFFF">white.png</texturenofocus>
        <textcolor>FFFFFFFF</textcolor>
        <focusedcolor>FF000000</focusedcolor>
    </include>

    <!-- ==================== SETTINGS CONTROL TEMPLATES ==================== -->
    <!-- These are used by Kodi's settings system for dynamic settings rendering -->

    <!-- Settings Item Base Style - red focus, semi-transparent unfocused -->
    <include name="SettingsItemStyle">
        <font>font14</font>
        <textcolor>FFFFFFFF</textcolor>
        <focusedcolor>FFFFFFFF</focusedcolor>
        <align>left</align>
        <textoffsetx>20</textoffsetx>
        <texturefocus colordiffuse="FFE50914">white.png</texturefocus>
        <texturenofocus colordiffuse="20FFFFFF">white.png</texturenofocus>
    </include>

    <!-- Settings Category Style - for left-side category buttons -->
    <include name="SettingsCategoryStyle">
        <font>font14</font>
        <textcolor>FFFFFFFF</textcolor>
        <focusedcolor>FFFFFFFF</focusedcolor>
        <align>left</align>
        <textoffsetx>20</textoffsetx>
        <texturefocus colordiffuse="FFE50914">white.png</texturefocus>
        <texturenofocus colordiffuse="20FFFFFF">white.png</texturenofocus>
    </include>

    <!-- Settings RadioButton Style - includes radio button textures -->
    <include name="SettingsRadioStyle">
        <textureradioonfocus colordiffuse="FFE50914">white.png</textureradioonfocus>
        <textureradioofffocus colordiffuse="40FFFFFF">white.png</textureradioofffocus>
        <textureradioonnofocus colordiffuse="FFE50914">white.png</textureradioonnofocus>
        <textureradiooffnofocus colordiffuse="40FFFFFF">white.png</textureradiooffnofocus>
    </include>

    <!-- Settings Slider Style - includes slider textures -->
    <include name="SettingsSliderStyle">
        <texturesliderbackground colordiffuse="40FFFFFF">white.png</texturesliderbackground>
        <texturesliderbar colordiffuse="FFE50914">white.png</texturesliderbar>
        <texturesliderbarfocus colordiffuse="FFE50914">white.png</texturesliderbarfocus>
        <textureslidernib>-</textureslidernib>
        <textureslidernibfocus>-</textureslidernibfocus>
    </include>

    <!-- Settings Scrollbar Style -->
    <include name="SettingsScrollbarStyle">
        <orientation>vertical</orientation>
        <texturesliderbackground colordiffuse="40FFFFFF">white.png</texturesliderbackground>
        <texturesliderbar colordiffuse="FFE50914">white.png</texturesliderbar>
    </include>

    <!-- Settings Separator Style -->
    <include name="SettingsSeparatorStyle">
        <height>2</height>
        <texture colordiffuse="40FFFFFF">white.png</texture>
    </include>

    <!-- Settings Label/Group Header Style -->
    <include name="SettingsLabelStyle">
        <font>font13</font>
        <textcolor>80FFFFFF</textcolor>
        <align>left</align>
    </include>

    <!-- ==================== GLOBAL BACKGROUND ==================== -->
    <include name="GlobalBackground">
        <control type="image">
            <posx>0</posx>
            <posy>0</posy>
            <width>1920</width>
            <height>1080</height>
            <texture colordiffuse="FF141414">black.png</texture>
        </control>
    </include>

    <!-- ==================== HERO SPOTLIGHT SECTION ==================== -->
    <include name="HeroSpotlight">
        <control type="group">
            <posx>0</posx>
            <posy>0</posy>
            <width>1920</width>
            <height>650</height>
            <visible>!String.IsEmpty(Container(9000).ListItem.Label)</visible>

            <!-- Hero Fanart Background -->
            <control type="image">
                <posx>0</posx>
                <posy>0</posy>
                <width>1920</width>
                <height>650</height>
                <texture background="true" fallback="backgrounds/default.jpg">$VAR[BackgroundFanart]</texture>
                <aspectratio aligny="top">scale</aspectratio>
            </control>

            <!-- Gradient Overlay (Bottom) -->
            <control type="image">
                <posx>0</posx>
                <posy>350</posy>
                <width>1920</width>
                <height>300</height>
                <texture colordiffuse="FF141414">gradient-bottom.png</texture>
            </control>

            <!-- Gradient Overlay (Left) -->
            <control type="image">
                <posx>0</posx>
                <posy>0</posy>
                <width>800</width>
                <height>650</height>
                <texture colordiffuse="CC000000">gradient-left.png</texture>
            </control>

            <!-- Hero Content -->
            <control type="group">
                <posx>80</posx>
                <posy>200</posy>
                <width>800</width>
                <height>400</height>

                <!-- Clear Logo (if available) -->
                <control type="image">
                    <posx>0</posx>
                    <posy>0</posy>
                    <width>450</width>
                    <height>180</height>
                    <texture>$VAR[ClearLogoArt]</texture>
                    <aspectratio align="left" aligny="top">keep</aspectratio>
                    <visible>!String.IsEmpty(Container(9000).ListItem.Art(clearlogo))</visible>
                </control>

                <!-- Title (fallback if no clearlogo) -->
                <control type="label">
                    <posx>0</posx>
                    <posy>0</posy>
                    <width>700</width>
                    <height>100</height>
                    <font>font_hero</font>
                    <textcolor>FFFFFFFF</textcolor>
                    <label>$INFO[Container(9000).ListItem.Label]</label>
                    <visible>String.IsEmpty(Container(9000).ListItem.Art(clearlogo))</visible>
                </control>

                <!-- Metadata Row -->
                <control type="group">
                    <posx>0</posx>
                    <posy>190</posy>
                    <width>700</width>
                    <height>40</height>

                    <!-- Match Percentage (Netflix style) -->
                    <control type="label">
                        <posx>0</posx>
                        <posy>0</posy>
                        <width>150</width>
                        <height>30</height>
                        <font>font_metadata_bold</font>
                        <textcolor>FF46D369</textcolor>
                        <label>$VAR[MatchPercentage]</label>
                    </control>

                    <!-- Year -->
                    <control type="label">
                        <posx>160</posx>
                        <posy>0</posy>
                        <width>80</width>
                        <height>30</height>
                        <font>font_metadata</font>
                        <textcolor>FFB3B3B3</textcolor>
                        <label>$INFO[Container(9000).ListItem.Year]</label>
                    </control>

                    <!-- Maturity Rating -->
                    <control type="label">
                        <posx>250</posx>
                        <posy>0</posy>
                        <width>80</width>
                        <height>30</height>
                        <font>font_metadata</font>
                        <textcolor>FFB3B3B3</textcolor>
                        <label>$VAR[MaturityRating]</label>
                        <visible>!String.IsEmpty(Container(9000).ListItem.Mpaa)</visible>
                    </control>

                    <!-- Duration -->
                    <control type="label">
                        <posx>340</posx>
                        <posy>0</posy>
                        <width>150</width>
                        <height>30</height>
                        <font>font_metadata</font>
                        <textcolor>FFB3B3B3</textcolor>
                        <label>$INFO[Container(9000).ListItem.Duration]</label>
                    </control>
                </control>

                <!-- Plot -->
                <control type="textbox">
                    <posx>0</posx>
                    <posy>240</posy>
                    <width>600</width>
                    <height>100</height>
                    <font>font_plot</font>
                    <textcolor>FFB3B3B3</textcolor>
                    <label>$INFO[Container(9000).ListItem.Plot]</label>
                </control>

                <!-- Action Buttons -->
                <control type="grouplist">
                    <posx>0</posx>
                    <posy>350</posy>
                    <width>500</width>
                    <height>60</height>
                    <orientation>horizontal</orientation>
                    <itemgap>15</itemgap>

                    <!-- Play Button -->
                    <control type="button" id="1001">
                        <include>ButtonWhite</include>
                        <width>160</width>
                        <font>font_button_large</font>
                        <label>Play</label>
                        <onclick>PlayMedia($INFO[Container(9000).ListItem.FilenameAndPath])</onclick>
                    </control>

                    <!-- More Info Button -->
                    <control type="button" id="1002">
                        <include>ButtonDefault</include>
                        <width>180</width>
                        <font>font_button_large</font>
                        <label>More Info</label>
                        <onclick>Action(Info)</onclick>
                    </control>
                </control>
            </control>
        </control>
    </include>

    <!-- ==================== CONTENT ROW TEMPLATE ==================== -->
    <include name="ContentRow">
        <param name="id"/>
        <param name="title"/>
        <param name="content"/>
        <param name="posy">0</param>
        <control type="group">
            <posx>0</posx>
            <posy>$PARAM[posy]</posy>
            <width>1920</width>
            <height>280</height>

            <!-- Row Title -->
            <control type="label">
                <posx>80</posx>
                <posy>0</posy>
                <width>600</width>
                <height>40</height>
                <font>font_row_header</font>
                <textcolor>FFFFFFFF</textcolor>
                <label>$PARAM[title]</label>
            </control>

            <!-- Horizontal Content List -->
            <control type="list" id="$PARAM[id]">
                <posx>80</posx>
                <posy>50</posy>
                <width>1760</width>
                <height>220</height>
                <orientation>horizontal</orientation>
                <scrolltime>300</scrolltime>
                <pagecontrol>-</pagecontrol>
                <content>$PARAM[content]</content>
                <itemlayout width="200" height="220">
                    <control type="group">
                        <posx>0</posx>
                        <posy>0</posy>
                        <width>185</width>
                        <height>220</height>

                        <!-- Poster Image -->
                        <control type="image">
                            <posx>0</posx>
                            <posy>0</posy>
                            <width>185</width>
                            <height>278</height>
                            <texture fallback="default_poster.png">$VAR[PosterArt]</texture>
                            <aspectratio>scale</aspectratio>
                            <bordertexture>-</bordertexture>
                        </control>

                        <!-- Progress Bar -->
                        <control type="group">
                            <posx>0</posx>
                            <posy>265</posy>
                            <width>185</width>
                            <height>5</height>
                            <visible>Integer.IsGreater(ListItem.PercentPlayed,0)</visible>

                            <!-- Background -->
                            <control type="image">
                                <posx>0</posx>
                                <posy>0</posy>
                                <width>185</width>
                                <height>5</height>
                                <texture colordiffuse="FF333333">white.png</texture>
                            </control>

                            <!-- Fill -->
                            <control type="image">
                                <posx>0</posx>
                                <posy>0</posy>
                                <width>$INFO[ListItem.PercentPlayed,,,r]</width>
                                <height>5</height>
                                <texture colordiffuse="FFE50914">white.png</texture>
                            </control>
                        </control>
                    </control>
                </itemlayout>
                <focusedlayout width="230" height="220">
                    <control type="group">
                        <posx>-15</posx>
                        <posy>-20</posy>
                        <width>215</width>
                        <height>260</height>
                        <animation effect="zoom" start="100" end="115" time="150" condition="Control.HasFocus($PARAM[id])">Conditional</animation>

                        <!-- White Border (Focus) -->
                        <control type="image">
                            <posx>-3</posx>
                            <posy>-3</posy>
                            <width>221</width>
                            <height>340</height>
                            <texture colordiffuse="FFFFFFFF">white.png</texture>
                        </control>

                        <!-- Poster Image -->
                        <control type="image">
                            <posx>0</posx>
                            <posy>0</posy>
                            <width>215</width>
                            <height>334</height>
                            <texture fallback="default_poster.png">$VAR[PosterArt]</texture>
                            <aspectratio>scale</aspectratio>
                        </control>

                        <!-- Progress Bar -->
                        <control type="group">
                            <posx>0</posx>
                            <posy>319</posy>
                            <width>215</width>
                            <height>6</height>
                            <visible>Integer.IsGreater(ListItem.PercentPlayed,0)</visible>

                            <control type="image">
                                <posx>0</posx>
                                <posy>0</posy>
                                <width>215</width>
                                <height>6</height>
                                <texture colordiffuse="FF333333">white.png</texture>
                            </control>

                            <control type="image">
                                <posx>0</posx>
                                <posy>0</posy>
                                <width>$INFO[ListItem.PercentPlayed,,,r]</width>
                                <height>6</height>
                                <texture colordiffuse="FFE50914">white.png</texture>
                            </control>
                        </control>
                    </control>
                </focusedlayout>
            </control>
        </control>
    </include>

    <!-- ==================== LANDSCAPE ROW TEMPLATE ==================== -->
    <include name="LandscapeRow">
        <param name="id"/>
        <param name="title"/>
        <param name="content"/>
        <param name="posy">0</param>
        <control type="group">
            <posx>0</posx>
            <posy>$PARAM[posy]</posy>
            <width>1920</width>
            <height>220</height>

            <!-- Row Title -->
            <control type="label">
                <posx>80</posx>
                <posy>0</posy>
                <width>600</width>
                <height>40</height>
                <font>font_row_header</font>
                <textcolor>FFFFFFFF</textcolor>
                <label>$PARAM[title]</label>
            </control>

            <!-- Horizontal Content List (Landscape) -->
            <control type="list" id="$PARAM[id]">
                <posx>80</posx>
                <posy>50</posy>
                <width>1760</width>
                <height>160</height>
                <orientation>horizontal</orientation>
                <scrolltime>300</scrolltime>
                <pagecontrol>-</pagecontrol>
                <content>$PARAM[content]</content>
                <itemlayout width="300" height="160">
                    <control type="group">
                        <posx>0</posx>
                        <posy>0</posy>
                        <width>285</width>
                        <height>160</height>

                        <!-- Landscape/Thumb Image -->
                        <control type="image">
                            <posx>0</posx>
                            <posy>0</posy>
                            <width>285</width>
                            <height>160</height>
                            <texture fallback="default_thumb.png">$VAR[ThumbArt]</texture>
                            <aspectratio>scale</aspectratio>
                        </control>

                        <!-- Progress Bar -->
                        <control type="group">
                            <posx>0</posx>
                            <posy>155</posy>
                            <width>285</width>
                            <height>5</height>
                            <visible>Integer.IsGreater(ListItem.PercentPlayed,0)</visible>

                            <control type="image">
                                <posx>0</posx>
                                <posy>0</posy>
                                <width>285</width>
                                <height>5</height>
                                <texture colordiffuse="FF333333">white.png</texture>
                            </control>

                            <control type="image">
                                <posx>0</posx>
                                <posy>0</posy>
                                <width>$INFO[ListItem.PercentPlayed,,,r]</width>
                                <height>5</height>
                                <texture colordiffuse="FFE50914">white.png</texture>
                            </control>
                        </control>
                    </control>
                </itemlayout>
                <focusedlayout width="340" height="160">
                    <control type="group">
                        <posx>-15</posx>
                        <posy>-15</posy>
                        <width>315</width>
                        <height>190</height>
                        <animation effect="zoom" start="100" end="110" time="150" condition="Control.HasFocus($PARAM[id])">Conditional</animation>

                        <!-- White Border (Focus) -->
                        <control type="image">
                            <posx>-3</posx>
                            <posy>-3</posy>
                            <width>321</width>
                            <height>196</height>
                            <texture colordiffuse="FFFFFFFF">white.png</texture>
                        </control>

                        <!-- Landscape/Thumb Image -->
                        <control type="image">
                            <posx>0</posx>
                            <posy>0</posy>
                            <width>315</width>
                            <height>190</height>
                            <texture fallback="default_thumb.png">$VAR[ThumbArt]</texture>
                            <aspectratio>scale</aspectratio>
                        </control>

                        <!-- Progress Bar -->
                        <control type="group">
                            <posx>0</posx>
                            <posy>183</posy>
                            <width>315</width>
                            <height>6</height>
                            <visible>Integer.IsGreater(ListItem.PercentPlayed,0)</visible>

                            <control type="image">
                                <posx>0</posx>
                                <posy>0</posy>
                                <width>315</width>
                                <height>6</height>
                                <texture colordiffuse="FF333333">white.png</texture>
                            </control>

                            <control type="image">
                                <posx>0</posx>
                                <posy>0</posy>
                                <width>$INFO[ListItem.PercentPlayed,,,r]</width>
                                <height>6</height>
                                <texture colordiffuse="FFE50914">white.png</texture>
                            </control>
                        </control>
                    </control>
                </focusedlayout>
            </control>
        </control>
    </include>

    <!-- ==================== SIDE MENU ==================== -->
    <include name="SideMenu">
        <control type="group" id="300">
            <posx>0</posx>
            <posy>0</posy>
            <width>300</width>
            <height>1080</height>
            <visible>Control.HasFocus(300) | Control.HasFocus(301)</visible>
            <animation effect="slide" start="-300,0" end="0,0" time="300">VisibleChange</animation>

            <!-- Background -->
            <control type="image">
                <posx>0</posx>
                <posy>0</posy>
                <width>300</width>
                <height>1080</height>
                <texture colordiffuse="FF0A0A0A">black.png</texture>
            </control>

            <!-- Logo -->
            <control type="label">
                <posx>30</posx>
                <posy>30</posy>
                <width>200</width>
                <height>50</height>
                <font>font_title</font>
                <textcolor>FFE50914</textcolor>
                <label>StreamFlix</label>
            </control>

            <!-- Menu Items -->
            <control type="grouplist" id="301">
                <posx>20</posx>
                <posy>120</posy>
                <width>260</width>
                <height>800</height>
                <orientation>vertical</orientation>
                <itemgap>5</itemgap>
                <onleft>-</onleft>
                <onright>SetFocus(9000)</onright>
                <onup>301</onup>
                <ondown>301</ondown>

                <!-- Home -->
                <control type="button" id="3010">
                    <width>260</width>
                    <height>50</height>
                    <label>Home</label>
                    <onclick>ActivateWindow(Home)</onclick>
                </control>

                <!-- Movies -->
                <control type="button" id="3011">
                    <width>260</width>
                    <height>50</height>
                    <label>Movies</label>
                    <onclick>ActivateWindow(Videos,videodb://movies/titles/)</onclick>
                </control>

                <!-- TV Shows -->
                <control type="button" id="3012">
                    <width>260</width>
                    <height>50</height>
                    <label>TV Shows</label>
                    <onclick>ActivateWindow(Videos,videodb://tvshows/titles/)</onclick>
                </control>

                <!-- My List -->
                <control type="button" id="3013">
                    <width>260</width>
                    <height>50</height>
                    <label>My List</label>
                    <onclick>ActivateWindow(Videos,special://videoplaylists/)</onclick>
                </control>

                <!-- Search -->
                <control type="button" id="3014">
                    <width>260</width>
                    <height>50</height>
                    <label>Search</label>
                    <onclick>ActivateWindow(Videos,videodb://)</onclick>
                </control>

                <!-- Settings -->
                <control type="button" id="3015">
                    <width>260</width>
                    <height>50</height>
                    <label>Settings</label>
                    <onclick>ActivateWindow(Settings)</onclick>
                </control>
            </control>
        </control>

        <!-- Menu Toggle Button -->
        <control type="button" id="302">
            <posx>30</posx>
            <posy>30</posy>
            <width>50</width>
            <height>50</height>
            <texturefocus>icons/menu.png</texturefocus>
            <texturenofocus>icons/menu.png</texturenofocus>
            <label>-</label>
            <onclick>SetFocus(301)</onclick>
            <visible>!Control.IsVisible(300)</visible>
        </control>
    </include>

    <!-- ==================== TOP BAR ==================== -->
    <include name="TopBar">
        <control type="group">
            <posx>0</posx>
            <posy>0</posy>
            <width>1920</width>
            <height>80</height>

            <!-- Gradient -->
            <control type="image">
                <posx>0</posx>
                <posy>0</posy>
                <width>1920</width>
                <height>100</height>
                <texture colordiffuse="CC000000">gradient-top.png</texture>
            </control>

            <!-- Logo -->
            <control type="label">
                <posx>80</posx>
                <posy>20</posy>
                <width>180</width>
                <height>40</height>
                <font>font_title</font>
                <textcolor>FFE50914</textcolor>
                <label>StreamFlix</label>
            </control>

            <!-- Navigation -->
            <control type="grouplist" id="100">
                <posx>220</posx>
                <posy>25</posy>
                <width>800</width>
                <height>40</height>
                <orientation>horizontal</orientation>
                <itemgap>30</itemgap>

                <control type="button" id="101">
                    <width>80</width>
                    <height>35</height>
                    <label>Home</label>
                    <font>font14_bold</font>
                    <onclick>ActivateWindow(Home)</onclick>
                    <texturefocus>-</texturefocus>
                    <texturenofocus>-</texturenofocus>
                </control>

                <control type="button" id="102">
                    <width>80</width>
                    <height>35</height>
                    <label>Movies</label>
                    <font>font14</font>
                    <onclick>ActivateWindow(Videos,videodb://movies/titles/)</onclick>
                    <texturefocus>-</texturefocus>
                    <texturenofocus>-</texturenofocus>
                </control>

                <control type="button" id="103">
                    <width>100</width>
                    <height>35</height>
                    <label>TV Shows</label>
                    <font>font14</font>
                    <onclick>ActivateWindow(Videos,videodb://tvshows/titles/)</onclick>
                    <texturefocus>-</texturefocus>
                    <texturenofocus>-</texturenofocus>
                </control>

                <control type="button" id="104">
                    <width>80</width>
                    <height>35</height>
                    <label>My List</label>
                    <font>font14</font>
                    <onclick>ActivateWindow(Videos,special://videoplaylists/)</onclick>
                    <texturefocus>-</texturefocus>
                    <texturenofocus>-</texturenofocus>
                </control>
            </control>

            <!-- Search Icon -->
            <control type="button" id="110">
                <posx>1750</posx>
                <posy>20</posy>
                <width>40</width>
                <height>40</height>
                <texturefocus>icons/search.png</texturefocus>
                <texturenofocus>icons/search.png</texturenofocus>
                <label>-</label>
                <onclick>ActivateWindow(Videos,videodb://)</onclick>
            </control>

            <!-- Profile Icon -->
            <control type="button" id="111">
                <posx>1820</posx>
                <posy>20</posy>
                <width>40</width>
                <height>40</height>
                <texturefocus>icons/profile.png</texturefocus>
                <texturenofocus>icons/profile.png</texturenofocus>
                <label>-</label>
                <onclick>ActivateWindow(Settings)</onclick>
            </control>
        </control>
    </include>
</includes>
