<?xml version="1.0" encoding="UTF-8"?>
<window>
    <defaultcontrol>10</defaultcontrol>
    <coordinates>
        <system>1</system>
    </coordinates>
    <controls>
        <!-- Dim Background -->
        <control type="image">
            <posx>0</posx>
            <posy>0</posy>
            <width>1920</width>
            <height>1080</height>
            <texture colordiffuse="DD000000">white.png</texture>
        </control>

        <!-- Dialog Box -->
        <control type="group">
            <posx>360</posx>
            <posy>165</posy>
            <width>1200</width>
            <height>750</height>

            <!-- Background -->
            <control type="image">
                <posx>0</posx>
                <posy>0</posy>
                <width>1200</width>
                <height>750</height>
                <texture colordiffuse="FF1a1a1a">white.png</texture>
            </control>

            <!-- Border -->
            <control type="image">
                <posx>0</posx>
                <posy>0</posy>
                <width>1200</width>
                <height>4</height>
                <texture colordiffuse="FFE50914">white.png</texture>
            </control>

            <!-- Header -->
            <control type="label" id="2">
                <posx>40</posx>
                <posy>30</posy>
                <width>1120</width>
                <height>40</height>
                <font>font_title</font>
                <textcolor>FFFFFFFF</textcolor>
                <label>$LOCALIZE[13406]</label>
            </control>

            <!-- Path Label -->
            <control type="label">
                <posx>40</posx>
                <posy>90</posy>
                <width>1120</width>
                <height>30</height>
                <font>font13</font>
                <textcolor>80FFFFFF</textcolor>
                <align>center</align>
                <label>$LOCALIZE[1021]</label>
            </control>

            <!-- Path List -->
            <control type="list" id="10">
                <posx>40</posx>
                <posy>130</posy>
                <width>850</width>
                <height>280</height>
                <orientation>vertical</orientation>
                <onright>11</onright>
                <ondown>12</ondown>
                <pagecontrol>60</pagecontrol>
                <scrolltime>200</scrolltime>
                <itemlayout width="850" height="55">
                    <control type="image">
                        <posx>0</posx>
                        <posy>0</posy>
                        <width>850</width>
                        <height>50</height>
                        <texture colordiffuse="20FFFFFF">white.png</texture>
                    </control>
                    <control type="label">
                        <posx>15</posx>
                        <posy>0</posy>
                        <width>820</width>
                        <height>50</height>
                        <font>font13</font>
                        <textcolor>FFFFFFFF</textcolor>
                        <aligny>center</aligny>
                        <label>$INFO[ListItem.Label]</label>
                    </control>
                </itemlayout>
                <focusedlayout width="850" height="55">
                    <control type="image">
                        <posx>0</posx>
                        <posy>0</posy>
                        <width>850</width>
                        <height>50</height>
                        <texture colordiffuse="FFE50914">white.png</texture>
                    </control>
                    <control type="label">
                        <posx>15</posx>
                        <posy>0</posy>
                        <width>820</width>
                        <height>50</height>
                        <font>font13</font>
                        <textcolor>FFFFFFFF</textcolor>
                        <aligny>center</aligny>
                        <label>$INFO[ListItem.Label]</label>
                    </control>
                </focusedlayout>
            </control>

            <!-- Scrollbar -->
            <control type="scrollbar" id="60">
                <posx>900</posx>
                <posy>130</posy>
                <width>10</width>
                <height>280</height>
                <orientation>vertical</orientation>
                <onleft>10</onleft>
                <texturesliderbackground colordiffuse="40FFFFFF">white.png</texturesliderbackground>
                <texturesliderbar colordiffuse="FFE50914">white.png</texturesliderbar>
            </control>

            <!-- Side Buttons -->
            <control type="grouplist" id="9000">
                <posx>930</posx>
                <posy>130</posy>
                <width>240</width>
                <height>280</height>
                <orientation>vertical</orientation>
                <itemgap>10</itemgap>
                <onleft>10</onleft>
                <ondown>12</ondown>

                <!-- Browse Button -->
                <control type="button" id="11">
                    <include>ButtonSide</include>
                    <label>$LOCALIZE[1024]</label>
                </control>

                <!-- Add Network Location -->
                <control type="button" id="13">
                    <include>ButtonSide</include>
                    <label>$LOCALIZE[15019]</label>
                </control>

                <!-- Remove Button -->
                <control type="button" id="14">
                    <include>ButtonSide</include>
                    <label>$LOCALIZE[1210]</label>
                </control>
            </control>

            <!-- Name Label -->
            <control type="label">
                <posx>40</posx>
                <posy>440</posy>
                <width>1120</width>
                <height>30</height>
                <font>font13</font>
                <textcolor>80FFFFFF</textcolor>
                <align>center</align>
                <label>$LOCALIZE[1022]</label>
            </control>

            <!-- Name Edit -->
            <control type="edit" id="12">
                <posx>40</posx>
                <posy>480</posy>
                <width>1120</width>
                <height>60</height>
                <font>font14</font>
                <textcolor>FFFFFFFF</textcolor>
                <align>center</align>
                <aligny>center</aligny>
                <texturefocus colordiffuse="FFE50914">white.png</texturefocus>
                <texturenofocus colordiffuse="30FFFFFF">white.png</texturenofocus>
                <onup>10</onup>
                <ondown>18</ondown>
            </control>

            <!-- Bottom Buttons -->
            <control type="grouplist" id="9001">
                <posx>360</posx>
                <posy>580</posy>
                <width>480</width>
                <height>60</height>
                <orientation>horizontal</orientation>
                <align>center</align>
                <itemgap>20</itemgap>
                <onup>12</onup>

                <!-- OK Button -->
                <control type="button" id="18">
                    <include>ButtonPrimary</include>
                    <width>200</width>
                    <label>$LOCALIZE[186]</label>
                </control>

                <!-- Cancel Button -->
                <control type="button" id="19">
                    <include>ButtonSecondary</include>
                    <width>200</width>
                    <label>$LOCALIZE[222]</label>
                </control>
            </control>
        </control>
    </controls>
</window>
