<?xml version="1.0" encoding="UTF-8"?>
<window type="dialog" id="10146">
    <defaultcontrol always="true">6</defaultcontrol>
    <coordinates>
        <system>1</system>
    </coordinates>
    <controls>
        <!-- Dark overlay -->
        <control type="image">
            <posx>0</posx>
            <posy>0</posy>
            <width>1920</width>
            <height>1080</height>
            <texture colordiffuse="DD000000">white.png</texture>
        </control>

        <!-- Dialog box -->
        <control type="group">
            <posx>360</posx>
            <posy>140</posy>
            <width>1200</width>
            <height>800</height>

            <!-- Background -->
            <control type="image">
                <posx>0</posx>
                <posy>0</posy>
                <width>1200</width>
                <height>800</height>
                <texture colordiffuse="FF1A1A1A">white.png</texture>
            </control>

            <!-- Icon -->
            <control type="image">
                <posx>40</posx>
                <posy>40</posy>
                <width>200</width>
                <height>200</height>
                <texture>$INFO[ListItem.Icon]</texture>
                <aspectratio>keep</aspectratio>
            </control>

            <!-- Addon Name -->
            <control type="label">
                <posx>270</posx>
                <posy>40</posy>
                <width>890</width>
                <height>50</height>
                <font>font_title</font>
                <textcolor>FFFFFFFF</textcolor>
                <label>$INFO[ListItem.Label]</label>
            </control>

            <!-- Creator -->
            <control type="label">
                <posx>270</posx>
                <posy>100</posy>
                <width>890</width>
                <height>30</height>
                <font>font14</font>
                <textcolor>FFB3B3B3</textcolor>
                <label>$INFO[ListItem.AddonCreator]</label>
            </control>

            <!-- Version -->
            <control type="label">
                <posx>270</posx>
                <posy>140</posy>
                <width>890</width>
                <height>30</height>
                <font>font13</font>
                <textcolor>FF808080</textcolor>
                <label>Version: $INFO[ListItem.AddonVersion]</label>
            </control>

            <!-- Description -->
            <control type="textbox" id="4">
                <posx>40</posx>
                <posy>270</posy>
                <width>1120</width>
                <height>380</height>
                <font>font13</font>
                <textcolor>FFB3B3B3</textcolor>
                <label>$INFO[ListItem.AddonDescription]</label>
            </control>

            <!-- Buttons -->
            <control type="grouplist" id="9000">
                <posx>40</posx>
                <posy>700</posy>
                <width>1120</width>
                <height>60</height>
                <orientation>horizontal</orientation>
                <itemgap>20</itemgap>

                <!-- Install/Uninstall button -->
                <control type="button" id="6">
                    <width>180</width>
                    <height>50</height>
                    <font>font13</font>
                    <align>center</align>
                    <aligny>center</aligny>
                    <texturefocus colordiffuse="FFFFFFFF">white.png</texturefocus>
                    <texturenofocus colordiffuse="FFE50914">white.png</texturenofocus>
                    <textcolor>FFFFFFFF</textcolor>
                    <focusedcolor>FF141414</focusedcolor>
                </control>

                <!-- Update button -->
                <control type="button" id="14">
                    <width>180</width>
                    <height>50</height>
                    <font>font13</font>
                    <align>center</align>
                    <aligny>center</aligny>
                    <texturefocus colordiffuse="FFFFFFFF">white.png</texturefocus>
                    <texturenofocus colordiffuse="FF46D369">white.png</texturenofocus>
                    <textcolor>FFFFFFFF</textcolor>
                    <focusedcolor>FF141414</focusedcolor>
                </control>

                <!-- Enable/Disable button -->
                <control type="button" id="7">
                    <width>180</width>
                    <height>50</height>
                    <font>font13</font>
                    <align>center</align>
                    <aligny>center</aligny>
                    <texturefocus colordiffuse="FFFFFFFF">white.png</texturefocus>
                    <texturenofocus colordiffuse="FF505050">white.png</texturenofocus>
                    <textcolor>FFFFFFFF</textcolor>
                    <focusedcolor>FF141414</focusedcolor>
                </control>

                <!-- Settings button -->
                <control type="button" id="9">
                    <width>180</width>
                    <height>50</height>
                    <font>font13</font>
                    <align>center</align>
                    <aligny>center</aligny>
                    <texturefocus colordiffuse="FFFFFFFF">white.png</texturefocus>
                    <texturenofocus colordiffuse="FF505050">white.png</texturenofocus>
                    <textcolor>FFFFFFFF</textcolor>
                    <focusedcolor>FF141414</focusedcolor>
                </control>
            </control>
        </control>
    </controls>
</window>
