<?xml version="1.0" encoding="UTF-8"?>
<window id="3">
    <defaultcontrol always="true">20</defaultcontrol>
    <controls>
        <control type="image">
            <posx>0</posx>
            <posy>0</posy>
            <width>1920</width>
            <height>1080</height>
            <texture colordiffuse="FF141414">white.png</texture>
        </control>
        <control type="label">
            <posx>60</posx>
            <posy>30</posy>
            <width>1800</width>
            <height>50</height>
            <font>font_title</font>
            <textcolor>FFFFFFFF</textcolor>
            <label>$LOCALIZE[3]</label>
        </control>
        <control type="group">
            <posx>60</posx>
            <posy>120</posy>
            <control type="image">
                <posx>0</posx>
                <posy>0</posy>
                <width>880</width>
                <height>900</height>
                <texture colordiffuse="CC1E1E1E">white.png</texture>
            </control>
            <control type="label" id="100">
                <posx>20</posx>
                <posy>10</posy>
                <width>840</width>
                <height>35</height>
                <font>font13_bold</font>
                <textcolor>FFFFFFFF</textcolor>
            </control>
            <control type="list" id="20">
                <posx>10</posx>
                <posy>60</posy>
                <width>860</width>
                <height>800</height>
                <onright>21</onright>
                <scrolltime>200</scrolltime>
                <itemlayout height="50">
                    <control type="label">
                        <posx>10</posx>
                        <posy>5</posy>
                        <width>820</width>
                        <height>40</height>
                        <font>font13</font>
                        <textcolor>FF808080</textcolor>
                        <label>$INFO[ListItem.Label]</label>
                    </control>
                </itemlayout>
                <focusedlayout height="50">
                    <control type="image">
                        <posx>0</posx>
                        <posy>0</posy>
                        <width>840</width>
                        <height>50</height>
                        <texture colordiffuse="FFE50914">white.png</texture>
                    </control>
                    <control type="label">
                        <posx>10</posx>
                        <posy>5</posy>
                        <width>820</width>
                        <height>40</height>
                        <font>font13_bold</font>
                        <textcolor>FFFFFFFF</textcolor>
                        <label>$INFO[ListItem.Label]</label>
                    </control>
                </focusedlayout>
            </control>
        </control>
        <control type="group">
            <posx>980</posx>
            <posy>120</posy>
            <control type="image">
                <posx>0</posx>
                <posy>0</posy>
                <width>880</width>
                <height>900</height>
                <texture colordiffuse="CC1E1E1E">white.png</texture>
            </control>
            <control type="label" id="101">
                <posx>20</posx>
                <posy>10</posy>
                <width>840</width>
                <height>35</height>
                <font>font13_bold</font>
                <textcolor>FFFFFFFF</textcolor>
            </control>
            <control type="list" id="21">
                <posx>10</posx>
                <posy>60</posy>
                <width>860</width>
                <height>800</height>
                <onleft>20</onleft>
                <scrolltime>200</scrolltime>
                <itemlayout height="50">
                    <control type="label">
                        <posx>10</posx>
                        <posy>5</posy>
                        <width>820</width>
                        <height>40</height>
                        <font>font13</font>
                        <textcolor>FF808080</textcolor>
                        <label>$INFO[ListItem.Label]</label>
                    </control>
                </itemlayout>
                <focusedlayout height="50">
                    <control type="image">
                        <posx>0</posx>
                        <posy>0</posy>
                        <width>840</width>
                        <height>50</height>
                        <texture colordiffuse="FFE50914">white.png</texture>
                    </control>
                    <control type="label">
                        <posx>10</posx>
                        <posy>5</posy>
                        <width>820</width>
                        <height>40</height>
                        <font>font13_bold</font>
                        <textcolor>FFFFFFFF</textcolor>
                        <label>$INFO[ListItem.Label]</label>
                    </control>
                </focusedlayout>
            </control>
        </control>
    </controls>
</window>
