<?xml version="1.0" encoding="UTF-8"?>
<window id="10025" type="window">
    <defaultcontrol always="true">50</defaultcontrol>
    <allowoverlay>yes</allowoverlay>
    <views>50</views>

    <controls>
        <!-- ============================================== -->
        <!-- FULL SCREEN FANART BACKGROUND -->
        <!-- ============================================== -->
        <control type="image">
            <posx>0</posx>
            <posy>0</posy>
            <width>1920</width>
            <height>1080</height>
            <texture background="true">$INFO[Container(50).ListItem.Art(fanart)]</texture>
            <aspectratio aligny="top">scale</aspectratio>
        </control>

        <!-- Fallback to TV Show fanart -->
        <control type="image">
            <posx>0</posx>
            <posy>0</posy>
            <width>1920</width>
            <height>1080</height>
            <texture background="true">$INFO[Container(50).Art(tvshow.fanart)]</texture>
            <aspectratio aligny="top">scale</aspectratio>
            <visible>String.IsEmpty(Container(50).ListItem.Art(fanart))</visible>
        </control>

        <!-- Dark gradient overlay - heavier on left for text -->
        <control type="image">
            <posx>0</posx>
            <posy>0</posy>
            <width>1100</width>
            <height>1080</height>
            <texture colordiffuse="E0141414">white.png</texture>
        </control>

        <!-- Bottom gradient for content list -->
        <control type="image">
            <posx>0</posx>
            <posy>500</posy>
            <width>1920</width>
            <height>580</height>
            <texture colordiffuse="F0141414">white.png</texture>
        </control>

        <!-- ============================================== -->
        <!-- HEADER BAR -->
        <!-- ============================================== -->
        <control type="group">
            <posx>0</posx>
            <posy>0</posy>
            <width>1920</width>
            <height>80</height>

            <!-- Semi-transparent header background -->
            <control type="image">
                <posx>0</posx>
                <posy>0</posy>
                <width>1920</width>
                <height>80</height>
                <texture colordiffuse="80000000">white.png</texture>
            </control>

            <!-- Back Button -->
            <control type="button" id="9000">
                <include>ButtonClose</include>
                <posx>1750</posx>
                <posy>15</posy>
                <width>110</width>
                <label>Back</label>
                <onclick>Action(Back)</onclick>
                <ondown>50</ondown>
            </control>
        </control>

        <!-- ============================================== -->
        <!-- SHOW INFO (Left Side - Netflix Style) -->
        <!-- ============================================== -->
        <control type="group">
            <posx>60</posx>
            <posy>120</posy>
            <width>700</width>
            <height>400</height>

            <!-- Clear Logo (if available) -->
            <control type="image">
                <posx>0</posx>
                <posy>0</posy>
                <width>450</width>
                <height>150</height>
                <texture>$INFO[Container(50).Art(tvshow.clearlogo)]</texture>
                <aspectratio align="left" aligny="center">keep</aspectratio>
                <visible>!String.IsEmpty(Container(50).Art(tvshow.clearlogo))</visible>
            </control>

            <!-- Show Title (fallback) -->
            <control type="label">
                <posx>0</posx>
                <posy>30</posy>
                <width>650</width>
                <height>100</height>
                <font>font_hero</font>
                <textcolor>FFFFFFFF</textcolor>
                <label>$INFO[Container(50).TVShowTitle]</label>
                <visible>String.IsEmpty(Container(50).Art(tvshow.clearlogo)) + !String.IsEmpty(Container(50).TVShowTitle)</visible>
            </control>

            <!-- Folder name fallback for non-TV content -->
            <control type="label">
                <posx>0</posx>
                <posy>30</posy>
                <width>650</width>
                <height>100</height>
                <font>font_hero</font>
                <textcolor>FFFFFFFF</textcolor>
                <label>$INFO[Container(50).FolderName]</label>
                <visible>String.IsEmpty(Container(50).TVShowTitle) + String.IsEmpty(Container(50).Art(tvshow.clearlogo))</visible>
            </control>

            <!-- Metadata Row -->
            <control type="group">
                <posx>0</posx>
                <posy>170</posy>
                <width>650</width>
                <height>40</height>

                <!-- Year -->
                <control type="label">
                    <posx>0</posx>
                    <posy>0</posy>
                    <width>100</width>
                    <height>35</height>
                    <font>font14</font>
                    <textcolor>FF46D369</textcolor>
                    <label>$INFO[Container(50).ListItem.Year]</label>
                </control>

                <!-- Number of items -->
                <control type="label">
                    <posx>100</posx>
                    <posy>0</posy>
                    <width>200</width>
                    <height>35</height>
                    <font>font14</font>
                    <textcolor>FFFFFFFF</textcolor>
                    <label>$INFO[Container(50).NumItems] items</label>
                </control>

                <!-- Rating Badge -->
                <control type="group">
                    <posx>320</posx>
                    <posy>3</posy>
                    <visible>!String.IsEmpty(Container(50).ListItem.Mpaa)</visible>
                    <control type="image">
                        <posx>0</posx>
                        <posy>0</posy>
                        <width>50</width>
                        <height>28</height>
                        <texture colordiffuse="60FFFFFF">white.png</texture>
                    </control>
                    <control type="label">
                        <posx>0</posx>
                        <posy>0</posy>
                        <width>50</width>
                        <height>28</height>
                        <font>font12</font>
                        <textcolor>FFFFFFFF</textcolor>
                        <align>center</align>
                        <aligny>center</aligny>
                        <label>$INFO[Container(50).ListItem.Mpaa]</label>
                    </control>
                </control>
            </control>

            <!-- Plot - Show episode plot when viewing episodes, otherwise folder plot -->
            <control type="textbox">
                <posx>0</posx>
                <posy>220</posy>
                <width>650</width>
                <height>120</height>
                <font>font13</font>
                <textcolor>CCFFFFFF</textcolor>
                <label>$INFO[Container(50).ListItem.Plot]</label>
            </control>

            <!-- Section Label -->
            <control type="label">
                <posx>0</posx>
                <posy>360</posy>
                <width>300</width>
                <height>35</height>
                <font>font14</font>
                <textcolor>FFFFFFFF</textcolor>
                <label>Seasons</label>
                <visible>Container.Content(seasons)</visible>
            </control>
            <control type="label">
                <posx>0</posx>
                <posy>360</posy>
                <width>300</width>
                <height>35</height>
                <font>font14</font>
                <textcolor>FFFFFFFF</textcolor>
                <label>Episodes</label>
                <visible>Container.Content(episodes)</visible>
            </control>
            <control type="label">
                <posx>0</posx>
                <posy>360</posy>
                <width>300</width>
                <height>35</height>
                <font>font14</font>
                <textcolor>FFFFFFFF</textcolor>
                <label>TV Shows</label>
                <visible>Container.Content(tvshows)</visible>
            </control>
            <control type="label">
                <posx>0</posx>
                <posy>360</posy>
                <width>300</width>
                <height>35</height>
                <font>font14</font>
                <textcolor>FFFFFFFF</textcolor>
                <label>Movies</label>
                <visible>Container.Content(movies)</visible>
            </control>
        </control>

        <!-- ============================================== -->
        <!-- SELECTED EPISODE INFO (Right side, for episodes) -->
        <!-- ============================================== -->
        <control type="group">
            <posx>800</posx>
            <posy>120</posy>
            <width>550</width>
            <height>380</height>
            <visible>Container.Content(episodes)</visible>

            <!-- Video Preview Window (shows when preview is playing) -->
            <control type="videowindow">
                <posx>0</posx>
                <posy>0</posy>
                <width>550</width>
                <height>310</height>
                <visible>Player.Playing + !String.IsEmpty(Window(Home).Property(StreamflixPreviewActive))</visible>
            </control>

            <!-- Episode Thumbnail (shows when preview NOT playing) -->
            <control type="image">
                <posx>0</posx>
                <posy>0</posy>
                <width>550</width>
                <height>310</height>
                <texture background="true">$INFO[Container(50).ListItem.Art(thumb)]</texture>
                <aspectratio>scale</aspectratio>
                <visible>!Player.Playing | String.IsEmpty(Window(Home).Property(StreamflixPreviewActive))</visible>
            </control>

            <!-- Episode placeholder if no thumb -->
            <control type="image">
                <posx>0</posx>
                <posy>0</posy>
                <width>550</width>
                <height>310</height>
                <texture colordiffuse="FF333333">white.png</texture>
                <visible>String.IsEmpty(Container(50).ListItem.Art(thumb)) + [!Player.Playing | String.IsEmpty(Window(Home).Property(StreamflixPreviewActive))]</visible>
            </control>

            <!-- Play icon overlay (hidden when preview playing) -->
            <control type="group">
                <posx>240</posx>
                <posy>120</posy>
                <visible>!Player.Playing | String.IsEmpty(Window(Home).Property(StreamflixPreviewActive))</visible>
                <control type="image">
                    <posx>0</posx>
                    <posy>0</posy>
                    <width>70</width>
                    <height>70</height>
                    <texture colordiffuse="CC000000">white.png</texture>
                </control>
                <control type="label">
                    <posx>0</posx>
                    <posy>0</posy>
                    <width>70</width>
                    <height>70</height>
                    <font>font_title</font>
                    <textcolor>FFFFFFFF</textcolor>
                    <align>center</align>
                    <aligny>center</aligny>
                    <label>></label>
                </control>
            </control>

            <!-- Preview indicator -->
            <control type="label">
                <posx>10</posx>
                <posy>10</posy>
                <width>100</width>
                <height>25</height>
                <font>font10</font>
                <textcolor>FFFFFFFF</textcolor>
                <label>PREVIEW</label>
                <visible>Player.Playing + !String.IsEmpty(Window(Home).Property(StreamflixPreviewActive))</visible>
            </control>

            <!-- Episode Number & Title -->
            <control type="label">
                <posx>0</posx>
                <posy>320</posy>
                <width>550</width>
                <height>30</height>
                <font>font13</font>
                <textcolor>FFFFFFFF</textcolor>
                <label>$INFO[Container(50).ListItem.Episode,Episode , - ]$INFO[Container(50).ListItem.Title]</label>
            </control>

            <!-- Episode Duration -->
            <control type="label">
                <posx>0</posx>
                <posy>350</posy>
                <width>550</width>
                <height>25</height>
                <font>font12</font>
                <textcolor>80FFFFFF</textcolor>
                <label>$INFO[Container(50).ListItem.Duration]</label>
            </control>
        </control>

        <!-- ============================================== -->
        <!-- MAIN CONTENT LIST (Single list for all content types) -->
        <!-- ============================================== -->
        <control type="list" id="50">
            <posx>60</posx>
            <posy>530</posy>
            <width>1800</width>
            <height>500</height>
            <orientation>horizontal</orientation>
            <scrolltime>300</scrolltime>
            <onup>9000</onup>
            <pagecontrol>-</pagecontrol>

            <!-- POSTER LAYOUT (for movies, shows, seasons) -->
            <itemlayout width="160" height="280" condition="!Container.Content(episodes)">
                <control type="group">
                    <posx>5</posx>
                    <posy>10</posy>
                    <width>150</width>
                    <height>260</height>

                    <!-- Poster Background -->
                    <control type="image">
                        <posx>0</posx>
                        <posy>0</posy>
                        <width>150</width>
                        <height>225</height>
                        <texture colordiffuse="FF333333">white.png</texture>
                    </control>

                    <!-- Poster -->
                    <control type="image">
                        <posx>0</posx>
                        <posy>0</posy>
                        <width>150</width>
                        <height>225</height>
                        <texture fallback="white.png">$INFO[ListItem.Art(poster)]</texture>
                        <aspectratio>scale</aspectratio>
                    </control>

                    <!-- Fallback to thumb -->
                    <control type="image">
                        <posx>0</posx>
                        <posy>0</posy>
                        <width>150</width>
                        <height>225</height>
                        <texture>$INFO[ListItem.Art(thumb)]</texture>
                        <aspectratio>scale</aspectratio>
                        <visible>String.IsEmpty(ListItem.Art(poster))</visible>
                    </control>

                    <!-- Progress Bar -->
                    <control type="group">
                        <posx>0</posx>
                        <posy>220</posy>
                        <width>150</width>
                        <height>5</height>
                        <visible>Integer.IsGreater(ListItem.PercentPlayed,0)</visible>
                        <control type="image">
                            <posx>0</posx>
                            <posy>0</posy>
                            <width>150</width>
                            <height>5</height>
                            <texture colordiffuse="40FFFFFF">white.png</texture>
                        </control>
                        <control type="image">
                            <posx>0</posx>
                            <posy>0</posy>
                            <width>150</width>
                            <height>5</height>
                            <texture colordiffuse="FFE50914">white.png</texture>
                        </control>
                    </control>

                    <!-- Title -->
                    <control type="label">
                        <posx>0</posx>
                        <posy>230</posy>
                        <width>150</width>
                        <height>30</height>
                        <font>font12</font>
                        <textcolor>CCFFFFFF</textcolor>
                        <align>center</align>
                        <label>$INFO[ListItem.Label]</label>
                    </control>
                </control>
            </itemlayout>

            <focusedlayout width="180" height="280" condition="!Container.Content(episodes)">
                <control type="group">
                    <posx>0</posx>
                    <posy>0</posy>
                    <width>170</width>
                    <height>270</height>

                    <!-- White Border -->
                    <control type="image">
                        <posx>-4</posx>
                        <posy>2</posy>
                        <width>178</width>
                        <height>237</height>
                        <texture colordiffuse="FFFFFFFF">white.png</texture>
                    </control>

                    <!-- Poster Background -->
                    <control type="image">
                        <posx>0</posx>
                        <posy>6</posy>
                        <width>170</width>
                        <height>229</height>
                        <texture colordiffuse="FF333333">white.png</texture>
                    </control>

                    <!-- Poster -->
                    <control type="image">
                        <posx>0</posx>
                        <posy>6</posy>
                        <width>170</width>
                        <height>229</height>
                        <texture fallback="white.png">$INFO[ListItem.Art(poster)]</texture>
                        <aspectratio>scale</aspectratio>
                    </control>

                    <!-- Fallback to thumb -->
                    <control type="image">
                        <posx>0</posx>
                        <posy>6</posy>
                        <width>170</width>
                        <height>229</height>
                        <texture>$INFO[ListItem.Art(thumb)]</texture>
                        <aspectratio>scale</aspectratio>
                        <visible>String.IsEmpty(ListItem.Art(poster))</visible>
                    </control>

                    <!-- Title -->
                    <control type="label">
                        <posx>0</posx>
                        <posy>240</posy>
                        <width>170</width>
                        <height>30</height>
                        <font>font13</font>
                        <textcolor>FFFFFFFF</textcolor>
                        <align>center</align>
                        <label>$INFO[ListItem.Label]</label>
                    </control>
                </control>
            </focusedlayout>

            <!-- EPISODE LAYOUT (landscape thumbnails) -->
            <itemlayout width="320" height="240" condition="Container.Content(episodes)">
                <control type="group">
                    <posx>5</posx>
                    <posy>10</posy>
                    <width>310</width>
                    <height>220</height>

                    <!-- Episode Thumbnail Background -->
                    <control type="image">
                        <posx>0</posx>
                        <posy>0</posy>
                        <width>310</width>
                        <height>175</height>
                        <texture colordiffuse="FF333333">white.png</texture>
                    </control>

                    <!-- Episode Thumbnail -->
                    <control type="image">
                        <posx>0</posx>
                        <posy>0</posy>
                        <width>310</width>
                        <height>175</height>
                        <texture>$INFO[ListItem.Art(thumb)]</texture>
                        <aspectratio>scale</aspectratio>
                    </control>

                    <!-- Episode Number Badge -->
                    <control type="group">
                        <posx>10</posx>
                        <posy>140</posy>
                        <control type="image">
                            <posx>0</posx>
                            <posy>0</posy>
                            <width>35</width>
                            <height>25</height>
                            <texture colordiffuse="CC000000">white.png</texture>
                        </control>
                        <control type="label">
                            <posx>0</posx>
                            <posy>0</posy>
                            <width>35</width>
                            <height>25</height>
                            <font>font12</font>
                            <textcolor>FFFFFFFF</textcolor>
                            <align>center</align>
                            <aligny>center</aligny>
                            <label>$INFO[ListItem.Episode]</label>
                        </control>
                    </control>

                    <!-- Duration Badge -->
                    <control type="label">
                        <posx>250</posx>
                        <posy>145</posy>
                        <width>55</width>
                        <height>25</height>
                        <font>font10</font>
                        <textcolor>CCFFFFFF</textcolor>
                        <align>right</align>
                        <label>$INFO[ListItem.Duration]</label>
                    </control>

                    <!-- Progress Bar -->
                    <control type="group">
                        <posx>0</posx>
                        <posy>170</posy>
                        <width>310</width>
                        <height>5</height>
                        <visible>Integer.IsGreater(ListItem.PercentPlayed,0)</visible>
                        <control type="image">
                            <posx>0</posx>
                            <posy>0</posy>
                            <width>310</width>
                            <height>5</height>
                            <texture colordiffuse="40FFFFFF">white.png</texture>
                        </control>
                        <control type="image">
                            <posx>0</posx>
                            <posy>0</posy>
                            <width>310</width>
                            <height>5</height>
                            <texture colordiffuse="FFE50914">white.png</texture>
                        </control>
                    </control>

                    <!-- Episode Title -->
                    <control type="label">
                        <posx>0</posx>
                        <posy>180</posy>
                        <width>310</width>
                        <height>25</height>
                        <font>font12</font>
                        <textcolor>CCFFFFFF</textcolor>
                        <label>$INFO[ListItem.Title]</label>
                    </control>

                    <!-- Watched Indicator -->
                    <control type="image">
                        <posx>280</posx>
                        <posy>10</posy>
                        <width>20</width>
                        <height>20</height>
                        <texture colordiffuse="FF46D369">white.png</texture>
                        <visible>Integer.IsEqual(ListItem.PercentPlayed,100)</visible>
                    </control>
                </control>
            </itemlayout>

            <focusedlayout width="340" height="240" condition="Container.Content(episodes)">
                <control type="group">
                    <posx>0</posx>
                    <posy>0</posy>
                    <width>330</width>
                    <height>230</height>

                    <!-- White Border -->
                    <control type="image">
                        <posx>-4</posx>
                        <posy>2</posy>
                        <width>338</width>
                        <height>187</height>
                        <texture colordiffuse="FFFFFFFF">white.png</texture>
                    </control>

                    <!-- Episode Thumbnail Background -->
                    <control type="image">
                        <posx>0</posx>
                        <posy>6</posy>
                        <width>330</width>
                        <height>179</height>
                        <texture colordiffuse="FF333333">white.png</texture>
                    </control>

                    <!-- Episode Thumbnail -->
                    <control type="image">
                        <posx>0</posx>
                        <posy>6</posy>
                        <width>330</width>
                        <height>179</height>
                        <texture>$INFO[ListItem.Art(thumb)]</texture>
                        <aspectratio>scale</aspectratio>
                    </control>

                    <!-- Play Icon Overlay -->
                    <control type="group">
                        <posx>140</posx>
                        <posy>70</posy>
                        <control type="image">
                            <posx>0</posx>
                            <posy>0</posy>
                            <width>50</width>
                            <height>50</height>
                            <texture colordiffuse="E0000000">white.png</texture>
                        </control>
                        <control type="label">
                            <posx>0</posx>
                            <posy>0</posy>
                            <width>50</width>
                            <height>50</height>
                            <font>font20</font>
                            <textcolor>FFFFFFFF</textcolor>
                            <align>center</align>
                            <aligny>center</aligny>
                            <label>></label>
                        </control>
                    </control>

                    <!-- Episode Number Badge -->
                    <control type="group">
                        <posx>10</posx>
                        <posy>150</posy>
                        <control type="image">
                            <posx>0</posx>
                            <posy>0</posy>
                            <width>35</width>
                            <height>25</height>
                            <texture colordiffuse="CC000000">white.png</texture>
                        </control>
                        <control type="label">
                            <posx>0</posx>
                            <posy>0</posy>
                            <width>35</width>
                            <height>25</height>
                            <font>font12</font>
                            <textcolor>FFFFFFFF</textcolor>
                            <align>center</align>
                            <aligny>center</aligny>
                            <label>$INFO[ListItem.Episode]</label>
                        </control>
                    </control>

                    <!-- Progress Bar -->
                    <control type="group">
                        <posx>0</posx>
                        <posy>180</posy>
                        <width>330</width>
                        <height>5</height>
                        <visible>Integer.IsGreater(ListItem.PercentPlayed,0)</visible>
                        <control type="image">
                            <posx>0</posx>
                            <posy>0</posy>
                            <width>330</width>
                            <height>5</height>
                            <texture colordiffuse="40FFFFFF">white.png</texture>
                        </control>
                        <control type="image">
                            <posx>0</posx>
                            <posy>0</posy>
                            <width>330</width>
                            <height>5</height>
                            <texture colordiffuse="FFE50914">white.png</texture>
                        </control>
                    </control>

                    <!-- Episode Title -->
                    <control type="label">
                        <posx>0</posx>
                        <posy>190</posy>
                        <width>330</width>
                        <height>30</height>
                        <font>font13</font>
                        <textcolor>FFFFFFFF</textcolor>
                        <label>$INFO[ListItem.Title]</label>
                    </control>
                </control>
            </focusedlayout>
        </control>

        <!-- ============================================== -->
        <!-- EMPTY LIBRARY MESSAGE -->
        <!-- ============================================== -->
        <control type="group">
            <posx>0</posx>
            <posy>400</posy>
            <visible>Integer.IsEqual(Container(50).NumItems,0)</visible>
            <control type="label">
                <posx>960</posx>
                <posy>0</posy>
                <width>800</width>
                <height>50</height>
                <font>font_title</font>
                <textcolor>FFFFFFFF</textcolor>
                <align>center</align>
                <label>No content found</label>
            </control>
            <control type="label">
                <posx>960</posx>
                <posy>60</posy>
                <width>800</width>
                <height>40</height>
                <font>font14</font>
                <textcolor>80FFFFFF</textcolor>
                <align>center</align>
                <label>Add your video sources to get started</label>
            </control>
        </control>
    </controls>
</window>
