<?xml version="1.0" encoding="UTF-8"?>
<!-- Netflix-style Search Window with sidebar keyboard and live results -->
<window type="window">
    <defaultcontrol always="true">1001</defaultcontrol>
    <allowoverlay>no</allowoverlay>

    <controls>
        <!-- Dark Background -->
        <control type="image">
            <posx>0</posx>
            <posy>0</posy>
            <width>1920</width>
            <height>1080</height>
            <texture colordiffuse="FF141414">white.png</texture>
        </control>

        <!-- ============================================== -->
        <!-- LEFT SIDEBAR - Keyboard -->
        <!-- ============================================== -->
        <control type="group">
            <posx>0</posx>
            <posy>0</posy>
            <width>550</width>
            <height>1080</height>

            <!-- Sidebar background -->
            <control type="image">
                <posx>0</posx>
                <posy>0</posy>
                <width>550</width>
                <height>1080</height>
                <texture colordiffuse="FF0A0A0A">white.png</texture>
            </control>

            <!-- Search Header -->
            <control type="label">
                <posx>40</posx>
                <posy>40</posy>
                <width>470</width>
                <height>50</height>
                <font>font_title</font>
                <textcolor>FFFFFFFF</textcolor>
                <label>Search</label>
            </control>

            <!-- Search Input Display -->
            <control type="group">
                <posx>40</posx>
                <posy>110</posy>
                <width>470</width>
                <height>60</height>

                <!-- Input background -->
                <control type="image">
                    <posx>0</posx>
                    <posy>0</posy>
                    <width>470</width>
                    <height>60</height>
                    <texture colordiffuse="FF1A1A1A">white.png</texture>
                </control>

                <!-- Search term label -->
                <control type="label" id="100">
                    <posx>20</posx>
                    <posy>15</posy>
                    <width>430</width>
                    <height>30</height>
                    <font>font14</font>
                    <textcolor>FFFFFFFF</textcolor>
                    <label>Type to search...</label>
                </control>
            </control>

            <!-- Results count -->
            <control type="label" id="101">
                <posx>40</posx>
                <posy>185</posy>
                <width>470</width>
                <height>25</height>
                <font>font12</font>
                <textcolor>FF808080</textcolor>
                <label></label>
            </control>

            <!-- On-screen Keyboard -->
            <control type="group">
                <posx>40</posx>
                <posy>230</posy>
                <width>470</width>
                <height>700</height>

                <!-- Row 1: Q W E R T Y U I O P -->
                <control type="grouplist" id="2001">
                    <posx>0</posx>
                    <posy>0</posy>
                    <width>470</width>
                    <height>55</height>
                    <orientation>horizontal</orientation>
                    <itemgap>5</itemgap>
                    <ondown>2002</ondown>
                    <onright>50</onright>

                    <control type="button" id="1017"><width>42</width><height>50</height><label>Q</label><font>font14</font><align>center</align><texturefocus colordiffuse="FFE50914">white.png</texturefocus><texturenofocus colordiffuse="FF333333">white.png</texturenofocus><textcolor>FFFFFFFF</textcolor><focusedcolor>FFFFFFFF</focusedcolor></control>
                    <control type="button" id="1023"><width>42</width><height>50</height><label>W</label><font>font14</font><align>center</align><texturefocus colordiffuse="FFE50914">white.png</texturefocus><texturenofocus colordiffuse="FF333333">white.png</texturenofocus><textcolor>FFFFFFFF</textcolor><focusedcolor>FFFFFFFF</focusedcolor></control>
                    <control type="button" id="1005"><width>42</width><height>50</height><label>E</label><font>font14</font><align>center</align><texturefocus colordiffuse="FFE50914">white.png</texturefocus><texturenofocus colordiffuse="FF333333">white.png</texturenofocus><textcolor>FFFFFFFF</textcolor><focusedcolor>FFFFFFFF</focusedcolor></control>
                    <control type="button" id="1018"><width>42</width><height>50</height><label>R</label><font>font14</font><align>center</align><texturefocus colordiffuse="FFE50914">white.png</texturefocus><texturenofocus colordiffuse="FF333333">white.png</texturenofocus><textcolor>FFFFFFFF</textcolor><focusedcolor>FFFFFFFF</focusedcolor></control>
                    <control type="button" id="1020"><width>42</width><height>50</height><label>T</label><font>font14</font><align>center</align><texturefocus colordiffuse="FFE50914">white.png</texturefocus><texturenofocus colordiffuse="FF333333">white.png</texturenofocus><textcolor>FFFFFFFF</textcolor><focusedcolor>FFFFFFFF</focusedcolor></control>
                    <control type="button" id="1025"><width>42</width><height>50</height><label>Y</label><font>font14</font><align>center</align><texturefocus colordiffuse="FFE50914">white.png</texturefocus><texturenofocus colordiffuse="FF333333">white.png</texturenofocus><textcolor>FFFFFFFF</textcolor><focusedcolor>FFFFFFFF</focusedcolor></control>
                    <control type="button" id="1021"><width>42</width><height>50</height><label>U</label><font>font14</font><align>center</align><texturefocus colordiffuse="FFE50914">white.png</texturefocus><texturenofocus colordiffuse="FF333333">white.png</texturenofocus><textcolor>FFFFFFFF</textcolor><focusedcolor>FFFFFFFF</focusedcolor></control>
                    <control type="button" id="1009"><width>42</width><height>50</height><label>I</label><font>font14</font><align>center</align><texturefocus colordiffuse="FFE50914">white.png</texturefocus><texturenofocus colordiffuse="FF333333">white.png</texturenofocus><textcolor>FFFFFFFF</textcolor><focusedcolor>FFFFFFFF</focusedcolor></control>
                    <control type="button" id="1015"><width>42</width><height>50</height><label>O</label><font>font14</font><align>center</align><texturefocus colordiffuse="FFE50914">white.png</texturefocus><texturenofocus colordiffuse="FF333333">white.png</texturenofocus><textcolor>FFFFFFFF</textcolor><focusedcolor>FFFFFFFF</focusedcolor></control>
                    <control type="button" id="1016"><width>42</width><height>50</height><label>P</label><font>font14</font><align>center</align><texturefocus colordiffuse="FFE50914">white.png</texturefocus><texturenofocus colordiffuse="FF333333">white.png</texturenofocus><textcolor>FFFFFFFF</textcolor><focusedcolor>FFFFFFFF</focusedcolor></control>
                </control>

                <!-- Row 2: A S D F G H J K L -->
                <control type="grouplist" id="2002">
                    <posx>20</posx>
                    <posy>60</posy>
                    <width>430</width>
                    <height>55</height>
                    <orientation>horizontal</orientation>
                    <itemgap>5</itemgap>
                    <onup>2001</onup>
                    <ondown>2003</ondown>
                    <onright>50</onright>

                    <control type="button" id="1001"><width>42</width><height>50</height><label>A</label><font>font14</font><align>center</align><texturefocus colordiffuse="FFE50914">white.png</texturefocus><texturenofocus colordiffuse="FF333333">white.png</texturenofocus><textcolor>FFFFFFFF</textcolor><focusedcolor>FFFFFFFF</focusedcolor></control>
                    <control type="button" id="1019"><width>42</width><height>50</height><label>S</label><font>font14</font><align>center</align><texturefocus colordiffuse="FFE50914">white.png</texturefocus><texturenofocus colordiffuse="FF333333">white.png</texturenofocus><textcolor>FFFFFFFF</textcolor><focusedcolor>FFFFFFFF</focusedcolor></control>
                    <control type="button" id="1004"><width>42</width><height>50</height><label>D</label><font>font14</font><align>center</align><texturefocus colordiffuse="FFE50914">white.png</texturefocus><texturenofocus colordiffuse="FF333333">white.png</texturenofocus><textcolor>FFFFFFFF</textcolor><focusedcolor>FFFFFFFF</focusedcolor></control>
                    <control type="button" id="1006"><width>42</width><height>50</height><label>F</label><font>font14</font><align>center</align><texturefocus colordiffuse="FFE50914">white.png</texturefocus><texturenofocus colordiffuse="FF333333">white.png</texturenofocus><textcolor>FFFFFFFF</textcolor><focusedcolor>FFFFFFFF</focusedcolor></control>
                    <control type="button" id="1007"><width>42</width><height>50</height><label>G</label><font>font14</font><align>center</align><texturefocus colordiffuse="FFE50914">white.png</texturefocus><texturenofocus colordiffuse="FF333333">white.png</texturenofocus><textcolor>FFFFFFFF</textcolor><focusedcolor>FFFFFFFF</focusedcolor></control>
                    <control type="button" id="1008"><width>42</width><height>50</height><label>H</label><font>font14</font><align>center</align><texturefocus colordiffuse="FFE50914">white.png</texturefocus><texturenofocus colordiffuse="FF333333">white.png</texturenofocus><textcolor>FFFFFFFF</textcolor><focusedcolor>FFFFFFFF</focusedcolor></control>
                    <control type="button" id="1010"><width>42</width><height>50</height><label>J</label><font>font14</font><align>center</align><texturefocus colordiffuse="FFE50914">white.png</texturefocus><texturenofocus colordiffuse="FF333333">white.png</texturenofocus><textcolor>FFFFFFFF</textcolor><focusedcolor>FFFFFFFF</focusedcolor></control>
                    <control type="button" id="1011"><width>42</width><height>50</height><label>K</label><font>font14</font><align>center</align><texturefocus colordiffuse="FFE50914">white.png</texturefocus><texturenofocus colordiffuse="FF333333">white.png</texturenofocus><textcolor>FFFFFFFF</textcolor><focusedcolor>FFFFFFFF</focusedcolor></control>
                    <control type="button" id="1012"><width>42</width><height>50</height><label>L</label><font>font14</font><align>center</align><texturefocus colordiffuse="FFE50914">white.png</texturefocus><texturenofocus colordiffuse="FF333333">white.png</texturenofocus><textcolor>FFFFFFFF</textcolor><focusedcolor>FFFFFFFF</focusedcolor></control>
                </control>

                <!-- Row 3: Z X C V B N M -->
                <control type="grouplist" id="2003">
                    <posx>45</posx>
                    <posy>120</posy>
                    <width>380</width>
                    <height>55</height>
                    <orientation>horizontal</orientation>
                    <itemgap>5</itemgap>
                    <onup>2002</onup>
                    <ondown>2004</ondown>
                    <onright>50</onright>

                    <control type="button" id="1026"><width>42</width><height>50</height><label>Z</label><font>font14</font><align>center</align><texturefocus colordiffuse="FFE50914">white.png</texturefocus><texturenofocus colordiffuse="FF333333">white.png</texturenofocus><textcolor>FFFFFFFF</textcolor><focusedcolor>FFFFFFFF</focusedcolor></control>
                    <control type="button" id="1024"><width>42</width><height>50</height><label>X</label><font>font14</font><align>center</align><texturefocus colordiffuse="FFE50914">white.png</texturefocus><texturenofocus colordiffuse="FF333333">white.png</texturenofocus><textcolor>FFFFFFFF</textcolor><focusedcolor>FFFFFFFF</focusedcolor></control>
                    <control type="button" id="1003"><width>42</width><height>50</height><label>C</label><font>font14</font><align>center</align><texturefocus colordiffuse="FFE50914">white.png</texturefocus><texturenofocus colordiffuse="FF333333">white.png</texturenofocus><textcolor>FFFFFFFF</textcolor><focusedcolor>FFFFFFFF</focusedcolor></control>
                    <control type="button" id="1022"><width>42</width><height>50</height><label>V</label><font>font14</font><align>center</align><texturefocus colordiffuse="FFE50914">white.png</texturefocus><texturenofocus colordiffuse="FF333333">white.png</texturenofocus><textcolor>FFFFFFFF</textcolor><focusedcolor>FFFFFFFF</focusedcolor></control>
                    <control type="button" id="1002"><width>42</width><height>50</height><label>B</label><font>font14</font><align>center</align><texturefocus colordiffuse="FFE50914">white.png</texturefocus><texturenofocus colordiffuse="FF333333">white.png</texturenofocus><textcolor>FFFFFFFF</textcolor><focusedcolor>FFFFFFFF</focusedcolor></control>
                    <control type="button" id="1014"><width>42</width><height>50</height><label>N</label><font>font14</font><align>center</align><texturefocus colordiffuse="FFE50914">white.png</texturefocus><texturenofocus colordiffuse="FF333333">white.png</texturenofocus><textcolor>FFFFFFFF</textcolor><focusedcolor>FFFFFFFF</focusedcolor></control>
                    <control type="button" id="1013"><width>42</width><height>50</height><label>M</label><font>font14</font><align>center</align><texturefocus colordiffuse="FFE50914">white.png</texturefocus><texturenofocus colordiffuse="FF333333">white.png</texturenofocus><textcolor>FFFFFFFF</textcolor><focusedcolor>FFFFFFFF</focusedcolor></control>
                </control>

                <!-- Row 4: Numbers 1-0 -->
                <control type="grouplist" id="2004">
                    <posx>0</posx>
                    <posy>190</posy>
                    <width>470</width>
                    <height>55</height>
                    <orientation>horizontal</orientation>
                    <itemgap>5</itemgap>
                    <onup>2003</onup>
                    <ondown>2005</ondown>
                    <onright>50</onright>

                    <control type="button" id="1101"><width>42</width><height>50</height><label>1</label><font>font14</font><align>center</align><texturefocus colordiffuse="FFE50914">white.png</texturefocus><texturenofocus colordiffuse="FF333333">white.png</texturenofocus><textcolor>FFFFFFFF</textcolor><focusedcolor>FFFFFFFF</focusedcolor></control>
                    <control type="button" id="1102"><width>42</width><height>50</height><label>2</label><font>font14</font><align>center</align><texturefocus colordiffuse="FFE50914">white.png</texturefocus><texturenofocus colordiffuse="FF333333">white.png</texturenofocus><textcolor>FFFFFFFF</textcolor><focusedcolor>FFFFFFFF</focusedcolor></control>
                    <control type="button" id="1103"><width>42</width><height>50</height><label>3</label><font>font14</font><align>center</align><texturefocus colordiffuse="FFE50914">white.png</texturefocus><texturenofocus colordiffuse="FF333333">white.png</texturenofocus><textcolor>FFFFFFFF</textcolor><focusedcolor>FFFFFFFF</focusedcolor></control>
                    <control type="button" id="1104"><width>42</width><height>50</height><label>4</label><font>font14</font><align>center</align><texturefocus colordiffuse="FFE50914">white.png</texturefocus><texturenofocus colordiffuse="FF333333">white.png</texturenofocus><textcolor>FFFFFFFF</textcolor><focusedcolor>FFFFFFFF</focusedcolor></control>
                    <control type="button" id="1105"><width>42</width><height>50</height><label>5</label><font>font14</font><align>center</align><texturefocus colordiffuse="FFE50914">white.png</texturefocus><texturenofocus colordiffuse="FF333333">white.png</texturenofocus><textcolor>FFFFFFFF</textcolor><focusedcolor>FFFFFFFF</focusedcolor></control>
                    <control type="button" id="1106"><width>42</width><height>50</height><label>6</label><font>font14</font><align>center</align><texturefocus colordiffuse="FFE50914">white.png</texturefocus><texturenofocus colordiffuse="FF333333">white.png</texturenofocus><textcolor>FFFFFFFF</textcolor><focusedcolor>FFFFFFFF</focusedcolor></control>
                    <control type="button" id="1107"><width>42</width><height>50</height><label>7</label><font>font14</font><align>center</align><texturefocus colordiffuse="FFE50914">white.png</texturefocus><texturenofocus colordiffuse="FF333333">white.png</texturenofocus><textcolor>FFFFFFFF</textcolor><focusedcolor>FFFFFFFF</focusedcolor></control>
                    <control type="button" id="1108"><width>42</width><height>50</height><label>8</label><font>font14</font><align>center</align><texturefocus colordiffuse="FFE50914">white.png</texturefocus><texturenofocus colordiffuse="FF333333">white.png</texturenofocus><textcolor>FFFFFFFF</textcolor><focusedcolor>FFFFFFFF</focusedcolor></control>
                    <control type="button" id="1109"><width>42</width><height>50</height><label>9</label><font>font14</font><align>center</align><texturefocus colordiffuse="FFE50914">white.png</texturefocus><texturenofocus colordiffuse="FF333333">white.png</texturenofocus><textcolor>FFFFFFFF</textcolor><focusedcolor>FFFFFFFF</focusedcolor></control>
                    <control type="button" id="1100"><width>42</width><height>50</height><label>0</label><font>font14</font><align>center</align><texturefocus colordiffuse="FFE50914">white.png</texturefocus><texturenofocus colordiffuse="FF333333">white.png</texturenofocus><textcolor>FFFFFFFF</textcolor><focusedcolor>FFFFFFFF</focusedcolor></control>
                </control>

                <!-- Row 5: Space, Backspace, Clear -->
                <control type="grouplist" id="2005">
                    <posx>0</posx>
                    <posy>260</posy>
                    <width>470</width>
                    <height>55</height>
                    <orientation>horizontal</orientation>
                    <itemgap>10</itemgap>
                    <onup>2004</onup>
                    <ondown>9001</ondown>
                    <onright>50</onright>

                    <control type="button" id="1200"><width>200</width><height>50</height><label>Space</label><font>font14</font><align>center</align><texturefocus colordiffuse="FFE50914">white.png</texturefocus><texturenofocus colordiffuse="FF333333">white.png</texturenofocus><textcolor>FFFFFFFF</textcolor><focusedcolor>FFFFFFFF</focusedcolor></control>
                    <control type="button" id="1201"><width>120</width><height>50</height><label>Delete</label><font>font14</font><align>center</align><texturefocus colordiffuse="FFE50914">white.png</texturefocus><texturenofocus colordiffuse="FF333333">white.png</texturenofocus><textcolor>FFFFFFFF</textcolor><focusedcolor>FFFFFFFF</focusedcolor></control>
                    <control type="button" id="1202"><width>120</width><height>50</height><label>Clear</label><font>font14</font><align>center</align><texturefocus colordiffuse="FFE50914">white.png</texturefocus><texturenofocus colordiffuse="FF333333">white.png</texturenofocus><textcolor>FFFFFFFF</textcolor><focusedcolor>FFFFFFFF</focusedcolor></control>
                </control>
            </control>

            <!-- Back Button -->
            <control type="button" id="9001">
                <posx>40</posx>
                <posy>980</posy>
                <width>470</width>
                <height>50</height>
                <font>font14</font>
                <align>center</align>
                <label>Back</label>
                <texturefocus colordiffuse="FFE50914">white.png</texturefocus>
                <texturenofocus colordiffuse="FF333333">white.png</texturenofocus>
                <textcolor>FFFFFFFF</textcolor>
                <focusedcolor>FFFFFFFF</focusedcolor>
                <onup>2005</onup>
                <onright>50</onright>
            </control>
        </control>

        <!-- ============================================== -->
        <!-- RIGHT SIDE - Results Grid -->
        <!-- ============================================== -->
        <control type="group">
            <posx>570</posx>
            <posy>0</posy>
            <width>1350</width>
            <height>1080</height>

            <!-- Results Header -->
            <control type="label">
                <posx>0</posx>
                <posy>40</posy>
                <width>400</width>
                <height>50</height>
                <font>font_title</font>
                <textcolor>FFFFFFFF</textcolor>
                <label>Results</label>
            </control>

            <!-- Results Panel -->
            <control type="panel" id="50">
                <posx>0</posx>
                <posy>110</posy>
                <width>1300</width>
                <height>920</height>
                <orientation>vertical</orientation>
                <onleft>2001</onleft>
                <pagecontrol>60</pagecontrol>
                <scrolltime>200</scrolltime>

                <itemlayout width="185" height="320">
                    <control type="group">
                        <posx>0</posx>
                        <posy>0</posy>
                        <width>185</width>
                        <height>320</height>

                        <!-- Poster -->
                        <control type="image">
                            <posx>10</posx>
                            <posy>10</posy>
                            <width>165</width>
                            <height>245</height>
                            <texture fallback="default_poster.png">$INFO[ListItem.Art(poster)]</texture>
                            <aspectratio>scale</aspectratio>
                        </control>

                        <!-- Title -->
                        <control type="label">
                            <posx>10</posx>
                            <posy>265</posy>
                            <width>165</width>
                            <height>25</height>
                            <font>font12</font>
                            <textcolor>FFB3B3B3</textcolor>
                            <align>center</align>
                            <label>$INFO[ListItem.Label]</label>
                        </control>

                        <!-- Type -->
                        <control type="label">
                            <posx>10</posx>
                            <posy>290</posy>
                            <width>165</width>
                            <height>20</height>
                            <font>font10</font>
                            <textcolor>FF808080</textcolor>
                            <align>center</align>
                            <label>$INFO[ListItem.Label2]</label>
                        </control>
                    </control>
                </itemlayout>

                <focusedlayout width="185" height="320">
                    <control type="group">
                        <posx>0</posx>
                        <posy>0</posy>
                        <width>185</width>
                        <height>320</height>

                        <!-- White border -->
                        <control type="image">
                            <posx>5</posx>
                            <posy>5</posy>
                            <width>175</width>
                            <height>255</height>
                            <texture colordiffuse="FFFFFFFF">white.png</texture>
                        </control>

                        <!-- Poster -->
                        <control type="image">
                            <posx>10</posx>
                            <posy>10</posy>
                            <width>165</width>
                            <height>245</height>
                            <texture fallback="default_poster.png">$INFO[ListItem.Art(poster)]</texture>
                            <aspectratio>scale</aspectratio>
                        </control>

                        <!-- Title -->
                        <control type="label">
                            <posx>10</posx>
                            <posy>265</posy>
                            <width>165</width>
                            <height>25</height>
                            <font>font12</font>
                            <textcolor>FFFFFFFF</textcolor>
                            <align>center</align>
                            <label>$INFO[ListItem.Label]</label>
                        </control>

                        <!-- Type -->
                        <control type="label">
                            <posx>10</posx>
                            <posy>290</posy>
                            <width>165</width>
                            <height>20</height>
                            <font>font10</font>
                            <textcolor>FFB3B3B3</textcolor>
                            <align>center</align>
                            <label>$INFO[ListItem.Label2]</label>
                        </control>
                    </control>
                </focusedlayout>
            </control>

            <!-- Scrollbar -->
            <control type="scrollbar" id="60">
                <posx>1310</posx>
                <posy>110</posy>
                <width>8</width>
                <height>920</height>
                <orientation>vertical</orientation>
                <texturesliderbackground colordiffuse="40FFFFFF">white.png</texturesliderbackground>
                <texturesliderbar colordiffuse="FFE50914">white.png</texturesliderbar>
                <onleft>50</onleft>
            </control>

            <!-- No Results / Initial State -->
            <control type="group">
                <posx>0</posx>
                <posy>400</posy>
                <visible>Integer.IsEqual(Container(50).NumItems,0)</visible>

                <control type="label">
                    <posx>0</posx>
                    <posy>0</posy>
                    <width>1300</width>
                    <height>50</height>
                    <font>font_title</font>
                    <textcolor>FF505050</textcolor>
                    <align>center</align>
                    <label>Start typing to search</label>
                </control>

                <control type="label">
                    <posx>0</posx>
                    <posy>60</posy>
                    <width>1300</width>
                    <height>30</height>
                    <font>font14</font>
                    <textcolor>FF404040</textcolor>
                    <align>center</align>
                    <label>Search movies and TV shows</label>
                </control>
            </control>
        </control>
    </controls>
</window>
